,date,open,close,high,low,volume,code
0,2013-01-04,15.74,15.76,16.0,15.62,49804.0,002629
1,2013-01-07,15.71,16.11,16.2,15.65,56931.0,002629
2,2013-01-08,16.15,16.21,16.45,15.89,79058.0,002629
3,2013-01-09,16.22,16.06,16.55,15.9,77371.0,002629
4,2013-01-10,16.01,15.9,16.18,15.71,58265.0,002629
5,2013-01-11,16.0,15.9,16.32,15.85,80804.0,002629
6,2013-01-14,16.1,16.88,16.99,15.88,121288.0,002629
7,2013-01-15,16.98,17.06,17.29,16.73,113960.0,002629
8,2013-01-16,16.91,16.79,17.0,16.52,69586.0,002629
9,2013-01-17,16.8,16.84,17.4,16.79,75729.0,002629
10,2013-01-18,16.95,17.07,17.36,16.75,63809.0,002629
11,2013-01-21,17.18,17.12,17.19,16.81,42290.0,002629
12,2013-01-22,17.15,16.5,17.39,16.16,63172.0,002629
13,2013-01-23,16.45,16.59,16.72,16.2,47499.0,002629
14,2013-01-24,16.45,15.72,16.83,15.59,68926.0,002629
15,2013-01-25,15.8,15.74,15.99,15.66,26382.0,002629
16,2013-01-28,15.75,16.09,16.1,15.75,39260.0,002629
17,2013-01-29,16.1,16.28,16.38,16.07,38513.0,002629
18,2013-01-30,16.45,16.39,16.67,16.12,46033.0,002629
19,2013-01-31,16.3,16.19,16.35,15.93,33745.0,002629
20,2013-02-01,16.23,16.42,16.5,16.1,34411.0,002629
21,2013-02-04,16.51,16.02,16.55,15.96,33306.0,002629
22,2013-02-05,15.91,16.37,16.46,15.86,29908.0,002629
23,2013-02-06,16.49,16.51,16.65,16.31,42489.0,002629
24,2013-02-07,16.7,16.83,17.27,16.69,73112.0,002629
25,2013-02-08,16.85,17.02,17.08,16.61,57504.0,002629
26,2013-02-18,17.08,17.4,17.47,16.9,68965.0,002629
27,2013-02-19,17.36,16.87,17.41,16.75,48096.0,002629
28,2013-02-20,16.89,17.24,17.24,16.7,45184.0,002629
29,2013-02-21,17.0,16.71,17.08,16.65,45345.0,002629
30,2013-02-22,16.71,16.62,16.98,16.55,30397.0,002629
31,2013-02-25,16.7,16.8,16.88,16.6,28851.0,002629
32,2013-02-26,16.75,16.43,17.16,16.43,45887.0,002629
33,2013-02-27,16.42,16.18,16.69,16.0,41406.0,002629
34,2013-02-28,16.29,16.41,16.44,16.08,34497.0,002629
35,2013-03-01,16.48,16.81,16.85,16.4,42175.0,002629
36,2013-03-04,16.6,16.06,16.64,15.93,41169.0,002629
37,2013-03-05,16.13,16.86,16.87,16.01,55264.0,002629
38,2013-03-06,16.95,17.1,17.24,16.85,61618.0,002629
39,2013-03-07,17.18,16.98,17.39,16.81,51828.0,002629
40,2013-03-08,17.2,17.42,17.88,17.11,109544.0,002629
41,2013-03-11,17.35,17.29,17.62,17.21,43440.0,002629
42,2013-03-12,17.29,16.91,17.4,16.43,61086.0,002629
43,2013-03-13,16.85,17.22,17.7,16.6,76800.0,002629
44,2013-03-14,17.05,17.78,17.9,16.85,98292.0,002629
45,2013-03-15,17.75,18.05,18.4,17.53,100413.0,002629
46,2013-03-18,17.95,17.64,18.06,17.6,53794.0,002629
47,2013-03-19,17.65,17.76,18.06,17.14,64052.0,002629
48,2013-03-20,17.66,18.41,18.47,17.6,96109.0,002629
49,2013-03-21,18.39,18.4,18.49,18.0,74887.0,002629
50,2013-03-22,18.4,18.1,18.4,17.9,52571.0,002629
51,2013-03-25,18.12,18.28,18.39,17.95,45478.0,002629
52,2013-03-26,18.1,17.58,18.16,17.53,53351.0,002629
53,2013-03-27,17.58,17.7,17.76,17.53,31985.0,002629
54,2013-03-28,17.44,16.56,17.44,16.55,47898.0,002629
55,2013-03-29,16.66,16.37,16.78,16.3,36768.0,002629
56,2013-04-01,16.37,16.42,16.66,16.35,33762.0,002629
57,2013-04-02,16.65,16.41,16.9,16.36,41639.0,002629
58,2013-04-03,16.46,16.09,16.65,16.01,25111.0,002629
59,2013-04-08,15.83,16.49,16.52,15.52,37892.0,002629
60,2013-04-09,16.32,16.45,16.69,16.32,23538.0,002629
61,2013-04-10,16.45,16.24,16.58,16.13,19201.0,002629
62,2013-04-11,16.3,15.96,16.41,15.94,23144.0,002629
63,2013-04-12,15.9,15.91,16.24,15.84,14560.0,002629
64,2013-04-15,15.88,15.31,15.89,15.18,21533.0,002629
65,2013-04-16,15.06,15.44,15.48,15.05,14215.0,002629
66,2013-04-17,15.49,15.5,15.54,15.31,15721.0,002629
67,2013-04-18,15.4,16.03,16.29,15.23,35365.0,002629
68,2013-04-19,15.91,16.33,16.43,15.86,33442.0,002629
69,2013-04-22,16.12,16.46,16.6,16.06,29632.0,002629
70,2013-04-23,16.4,15.81,16.4,15.81,26732.0,002629
71,2013-04-24,15.86,16.19,16.33,15.7,25475.0,002629
72,2013-04-25,16.19,16.02,16.3,15.9,21199.0,002629
73,2013-04-26,16.01,15.54,16.18,15.43,19390.0,002629
74,2013-05-02,15.31,15.5,15.61,15.31,9009.0,002629
75,2013-05-03,15.65,16.15,16.23,15.58,20052.0,002629
76,2013-05-06,16.15,16.33,16.35,16.15,20607.0,002629
77,2013-05-07,16.28,16.66,16.66,16.25,26956.0,002629
78,2013-05-08,16.9,16.95,17.28,16.75,40836.0,002629
79,2013-05-09,16.86,16.75,16.9,16.55,34370.0,002629
80,2013-05-10,11.11,11.21,11.46,11.0,57051.0,002629
81,2013-05-13,11.21,11.3,11.49,11.2,50158.0,002629
82,2013-05-14,11.32,11.33,11.37,11.09,43614.0,002629
83,2013-05-15,11.34,11.44,11.46,11.18,48800.0,002629
84,2013-05-16,11.38,11.6,11.88,11.29,82392.0,002629
85,2013-05-17,11.58,11.66,11.72,11.5,50254.0,002629
86,2013-05-20,11.7,12.0,12.14,11.65,83677.0,002629
87,2013-05-21,12.0,12.07,12.07,11.85,60568.0,002629
88,2013-05-22,12.04,12.17,12.53,11.96,112387.0,002629
89,2013-05-23,12.0,12.01,12.47,11.97,68975.0,002629
90,2013-05-24,12.06,12.23,12.29,12.02,58737.0,002629
91,2013-05-27,12.28,12.78,12.85,12.23,114306.0,002629
92,2013-05-28,12.71,12.46,12.8,12.3,79650.0,002629
93,2013-05-29,12.49,12.53,12.57,12.23,64091.0,002629
94,2013-05-30,12.45,12.46,12.58,12.35,48319.0,002629
95,2013-05-31,12.45,12.67,12.91,12.32,107078.0,002629
96,2013-06-03,12.67,11.82,12.78,11.79,105429.0,002629
97,2013-06-04,11.8,11.44,11.8,11.37,71725.0,002629
98,2013-06-05,11.46,11.76,11.78,11.45,51646.0,002629
99,2013-06-06,11.7,11.59,11.77,11.48,38220.0,002629
100,2013-06-07,11.7,11.43,11.83,11.23,46107.0,002629
101,2013-06-13,11.12,10.74,11.12,10.59,37476.0,002629
102,2013-06-14,10.8,10.88,10.99,10.73,29019.0,002629
103,2013-06-17,10.88,10.82,11.06,10.68,32347.0,002629
104,2013-06-18,10.82,10.71,10.87,10.57,29764.0,002629
105,2013-06-19,10.6,10.55,10.6,10.28,31882.0,002629
106,2013-06-20,10.49,10.31,10.68,10.3,23227.0,002629
107,2013-06-21,10.12,10.26,10.31,9.9,28636.0,002629
108,2013-06-24,10.26,9.23,10.26,9.23,61970.0,002629
109,2013-06-25,9.2,9.0,9.25,8.31,54485.0,002629
110,2013-06-26,9.0,9.2,9.23,8.77,35839.0,002629
111,2013-06-27,9.2,8.93,9.32,8.91,39959.0,002629
112,2013-06-28,8.88,8.95,9.15,8.76,24620.0,002629
113,2013-07-01,8.96,9.13,9.17,8.81,26411.0,002629
114,2013-07-02,9.11,9.41,9.42,8.96,39087.0,002629
115,2013-07-03,9.3,9.29,9.37,9.07,28896.0,002629
116,2013-07-04,9.24,9.38,9.55,9.11,34160.0,002629
117,2013-07-05,9.36,9.19,9.51,9.18,25562.0,002629
118,2013-07-08,9.0,8.51,9.06,8.51,29552.0,002629
119,2013-07-09,8.52,8.6,8.69,8.5,15536.0,002629
120,2013-07-10,8.52,8.9,8.91,8.52,27149.0,002629
121,2013-07-11,8.97,9.3,9.39,8.97,59982.0,002629
122,2013-07-12,9.26,9.22,9.42,9.21,47351.0,002629
123,2013-07-15,9.25,9.48,9.48,9.19,50596.0,002629
124,2013-07-16,9.4,9.68,9.73,9.34,59583.0,002629
125,2013-07-17,9.66,9.36,9.68,9.36,42421.0,002629
126,2013-07-18,9.37,9.39,9.5,9.27,32289.0,002629
127,2013-07-19,9.44,9.04,9.6,9.01,46631.0,002629
128,2013-07-22,9.03,9.19,9.2,8.92,24006.0,002629
129,2013-07-23,8.98,9.39,9.41,8.81,92851.0,002629
130,2013-07-24,9.26,9.19,9.26,8.99,66952.0,002629
131,2013-07-25,9.09,8.86,9.17,8.85,51542.0,002629
132,2013-07-26,8.86,9.04,9.11,8.8,39711.0,002629
133,2013-07-29,8.91,8.87,8.99,8.8,23560.0,002629
134,2013-07-30,8.86,8.7,8.92,8.51,26616.0,002629
135,2013-07-31,8.75,8.68,8.83,8.66,18423.0,002629
136,2013-08-01,8.79,9.05,9.15,8.79,51611.0,002629
137,2013-08-02,9.1,9.15,9.29,9.05,54290.0,002629
138,2013-08-05,9.16,9.26,9.29,9.11,38706.0,002629
139,2013-08-06,9.21,9.39,9.44,9.16,55879.0,002629
140,2013-08-07,9.34,9.17,9.39,9.16,38904.0,002629
141,2013-08-08,9.16,9.19,9.28,9.1,29389.0,002629
142,2013-08-09,9.19,9.42,9.42,9.11,45286.0,002629
143,2013-08-12,9.44,9.59,9.65,9.35,72627.0,002629
144,2013-08-13,9.55,9.57,9.67,9.5,47682.0,002629
145,2013-08-14,9.59,9.45,9.63,9.37,47165.0,002629
146,2013-08-15,9.44,9.42,9.49,9.37,31903.0,002629
147,2013-08-16,9.38,9.2,9.69,9.2,67349.0,002629
148,2013-08-19,9.1,9.22,9.22,8.93,47061.0,002629
149,2013-08-20,9.18,9.09,9.3,9.07,37098.0,002629
150,2013-08-21,9.04,9.16,9.22,8.93,31020.0,002629
151,2013-08-22,9.1,9.1,9.16,9.05,26008.0,002629
152,2013-08-23,9.13,9.04,9.2,8.9,30497.0,002629
153,2013-08-26,9.04,9.73,9.73,9.02,96023.0,002629
154,2013-08-27,9.7,9.96,10.08,9.62,148627.0,002629
155,2013-08-28,9.8,9.74,9.96,9.72,83103.0,002629
156,2013-08-29,9.75,9.8,10.02,9.71,63589.0,002629
157,2013-08-30,9.76,9.57,9.79,9.48,64510.0,002629
158,2013-09-02,9.57,9.7,9.74,9.4,37727.0,002629
159,2013-09-03,9.65,9.82,9.84,9.54,41439.0,002629
160,2013-09-04,9.77,9.75,9.82,9.64,32325.0,002629
161,2013-09-05,9.78,9.58,9.79,9.56,37071.0,002629
162,2013-09-06,9.55,9.65,9.75,9.5,33029.0,002629
163,2013-09-09,9.7,9.8,9.88,9.59,51895.0,002629
164,2013-09-10,9.76,10.15,10.57,9.72,90729.0,002629
165,2013-09-11,10.15,9.9,10.15,9.82,77229.0,002629
166,2013-09-12,10.03,9.92,10.1,9.87,45840.0,002629
167,2013-09-13,9.94,9.83,9.96,9.73,36877.0,002629
168,2013-09-16,9.8,9.82,9.88,9.77,22653.0,002629
169,2013-09-17,9.8,9.55,9.86,9.54,29696.0,002629
170,2013-09-18,9.53,9.79,9.8,9.52,28980.0,002629
171,2013-09-23,9.9,9.91,10.11,9.81,50057.0,002629
172,2013-09-24,9.89,10.02,10.07,9.87,54376.0,002629
173,2013-09-25,9.97,10.27,10.35,9.95,91352.0,002629
174,2013-09-26,10.38,10.99,11.3,10.28,263896.0,002629
175,2013-09-27,10.8,10.55,10.98,10.44,151062.0,002629
176,2013-09-30,10.54,10.39,10.68,10.2,86401.0,002629
177,2013-10-08,10.31,10.78,10.85,10.08,96344.0,002629
178,2013-10-09,10.65,10.97,11.24,10.55,111117.0,002629
179,2013-10-10,10.88,10.56,10.97,10.5,82648.0,002629
180,2013-10-11,10.61,11.16,11.24,10.61,113220.0,002629
181,2013-10-14,11.14,11.42,11.66,11.04,149889.0,002629
182,2013-10-15,11.33,11.22,11.49,11.08,79451.0,002629
183,2013-10-16,11.22,11.43,11.43,10.8,88623.0,002629
184,2013-10-17,11.41,11.17,12.08,11.17,151342.0,002629
185,2013-10-18,11.0,11.16,11.18,10.61,64145.0,002629
186,2013-10-21,11.17,11.45,11.77,11.0,109326.0,002629
187,2013-10-22,11.49,12.25,12.6,11.48,250793.0,002629
188,2013-10-23,12.24,11.9,12.26,11.57,146006.0,002629
189,2013-10-24,11.79,11.82,12.07,11.53,63090.0,002629
190,2013-10-25,11.74,11.05,11.95,10.91,103019.0,002629
191,2013-10-28,10.81,10.91,11.43,10.72,68842.0,002629
192,2013-10-29,11.06,11.79,12.0,10.99,212216.0,002629
193,2013-10-30,11.58,12.34,12.48,11.46,230118.0,002629
194,2013-10-31,12.2,11.81,12.34,11.7,131433.0,002629
195,2013-11-01,11.5,11.29,11.51,10.95,81004.0,002629
196,2013-11-04,11.3,11.95,11.99,11.12,96506.0,002629
197,2013-11-05,11.8,12.24,12.33,11.55,153436.0,002629
198,2013-11-06,12.0,12.75,13.46,11.92,330411.0,002629
199,2013-11-07,12.45,12.54,12.99,12.23,238868.0,002629
200,2013-11-08,12.39,12.11,12.69,11.79,158626.0,002629
201,2013-11-11,12.01,12.6,12.65,11.81,145093.0,002629
202,2013-11-12,12.47,12.61,12.66,12.13,112121.0,002629
203,2013-11-13,12.31,11.7,12.36,11.61,115752.0,002629
204,2013-11-14,11.61,11.5,11.78,11.0,93816.0,002629
205,2013-11-15,11.49,11.51,11.93,11.35,83444.0,002629
206,2013-11-18,11.53,11.98,12.35,11.53,92358.0,002629
207,2013-11-19,11.91,12.28,12.48,11.85,114270.0,002629
208,2013-11-20,12.3,12.3,12.44,11.97,87186.0,002629
209,2013-11-21,12.22,11.95,12.22,11.87,87050.0,002629
210,2013-11-22,11.95,12.02,12.25,11.63,84834.0,002629
211,2013-11-25,12.31,12.48,12.79,12.07,144138.0,002629
212,2013-11-26,12.28,12.15,12.42,12.11,84554.0,002629
213,2013-11-27,12.1,12.4,12.48,11.98,92240.0,002629
214,2013-11-28,12.38,12.45,12.75,12.21,110937.0,002629
215,2013-11-29,12.49,12.94,13.07,12.37,180135.0,002629
216,2013-12-02,12.4,12.22,12.78,11.8,147258.0,002629
217,2013-12-03,12.0,12.94,13.07,11.98,121045.0,002629
218,2013-12-04,13.0,13.1,13.42,12.8,142728.0,002629
219,2013-12-05,13.11,14.41,14.41,13.0,236091.0,002629
220,2013-12-06,14.47,14.12,14.98,14.03,242916.0,002629
221,2013-12-09,14.0,14.2,14.53,13.91,129940.0,002629
222,2013-12-10,14.05,13.89,14.16,13.56,114109.0,002629
223,2013-12-11,13.7,13.97,14.16,13.63,72614.0,002629
224,2013-12-12,13.94,13.74,14.45,13.7,88908.0,002629
225,2013-12-13,13.5,14.13,14.13,13.32,77142.0,002629
226,2013-12-16,14.0,13.63,14.34,13.57,64749.0,002629
227,2013-12-17,13.51,13.68,13.84,13.35,46154.0,002629
228,2013-12-18,13.68,13.62,13.97,13.58,36330.0,002629
229,2013-12-19,13.65,12.35,13.77,12.26,109490.0,002629
230,2013-12-20,12.39,12.0,12.4,11.94,67857.0,002629
231,2013-12-23,12.02,11.82,12.1,11.5,40488.0,002629
232,2013-12-24,11.83,11.89,12.15,11.81,29680.0,002629
233,2013-12-25,11.95,12.39,12.39,11.89,40319.0,002629
234,2013-12-26,12.4,12.0,12.53,11.93,35627.0,002629
235,2013-12-27,12.0,12.0,12.16,11.77,44386.0,002629
236,2013-12-30,12.05,12.35,12.53,12.05,55671.0,002629
237,2013-12-31,12.25,12.31,12.58,12.18,43127.0,002629
238,2014-01-02,12.27,12.45,12.59,12.27,33695.0,002629
239,2014-01-03,12.39,12.47,12.65,12.36,39827.0,002629
240,2014-01-06,12.38,11.95,12.44,11.9,35624.0,002629
241,2014-01-07,11.96,12.22,12.25,11.81,26421.0,002629
242,2014-07-08,13.44,13.44,13.44,13.44,2298.0,002629
243,2014-07-09,14.78,14.78,14.78,14.78,3288.0,002629
244,2014-07-10,16.26,16.26,16.26,16.26,73604.0,002629
245,2014-07-11,17.89,17.41,17.89,16.86,385805.0,002629
246,2014-07-14,17.41,18.51,19.15,17.18,431019.0,002629
247,2014-07-15,18.8,17.56,19.0,17.3,274248.0,002629
248,2014-07-16,17.5,17.3,18.2,16.66,201554.0,002629
249,2014-07-17,10.75,10.21,10.97,10.08,247546.0,002629
250,2014-07-18,10.1,9.6,10.27,9.47,315645.0,002629
251,2014-07-21,9.55,9.67,9.82,9.41,176074.0,002629
252,2014-07-22,9.63,9.97,10.09,9.4,249370.0,002629
253,2014-07-23,9.91,9.3,9.92,9.25,188775.0,002629
254,2014-07-24,9.3,9.39,9.45,9.1,116749.0,002629
255,2014-07-25,9.41,9.38,9.63,9.35,131711.0,002629
256,2014-07-28,9.5,9.8,9.84,9.35,165248.0,002629
257,2014-07-29,9.69,9.75,9.84,9.52,137175.0,002629
258,2014-07-30,9.87,10.28,10.6,9.85,335298.0,002629
259,2014-07-31,10.13,10.2,10.26,9.92,162966.0,002629
260,2014-08-01,10.14,9.76,10.16,9.73,141679.0,002629
261,2014-08-04,9.77,9.94,10.06,9.7,100221.0,002629
262,2014-08-05,9.89,10.28,10.52,9.78,183122.0,002629
263,2014-08-06,10.18,10.25,10.4,10.08,104184.0,002629
264,2014-08-07,10.2,10.41,10.66,10.15,193220.0,002629
265,2014-08-08,10.41,10.41,10.64,10.25,118187.0,002629
266,2014-08-11,10.45,10.52,10.69,10.44,126048.0,002629
267,2014-08-12,10.53,10.41,10.55,10.26,111223.0,002629
268,2014-08-13,10.4,10.23,10.43,10.18,106701.0,002629
269,2014-08-14,10.24,10.0,10.26,9.99,111538.0,002629
270,2014-08-15,9.95,10.17,10.28,9.95,82009.0,002629
271,2014-08-18,10.19,10.2,10.24,10.08,100265.0,002629
272,2014-08-19,10.22,10.54,10.63,10.12,205829.0,002629
273,2014-08-20,10.5,10.39,10.57,10.31,120243.0,002629
274,2014-08-21,10.33,10.35,10.45,10.18,83107.0,002629
275,2014-08-22,10.26,10.32,10.39,10.18,83038.0,002629
276,2014-08-25,10.32,10.53,10.6,10.28,151464.0,002629
277,2014-08-26,10.5,10.0,10.5,9.95,130448.0,002629
278,2014-08-27,9.98,9.81,10.0,9.72,78706.0,002629
279,2014-08-28,9.9,10.79,10.79,9.9,235267.0,002629
280,2014-08-29,10.69,10.43,10.75,10.06,274426.0,002629
281,2014-09-01,10.18,10.49,10.55,10.11,140616.0,002629
282,2014-09-02,10.49,10.6,10.83,10.38,250409.0,002629
283,2014-09-03,10.6,10.92,11.0,10.41,224385.0,002629
284,2014-09-04,10.79,10.85,10.95,10.7,195318.0,002629
285,2014-09-05,10.82,11.16,11.36,10.8,274698.0,002629
286,2014-09-09,11.17,11.25,11.49,11.02,189752.0,002629
287,2014-09-10,11.24,11.3,11.45,11.03,144023.0,002629
288,2014-09-11,11.4,11.16,11.44,10.98,200622.0,002629
289,2014-09-12,11.08,11.26,11.4,11.02,158191.0,002629
290,2014-09-15,11.23,11.23,11.36,11.08,116647.0,002629
291,2014-09-16,11.28,10.72,11.36,10.65,155648.0,002629
292,2014-09-17,10.72,10.8,10.83,10.5,92767.0,002629
293,2014-09-18,10.8,10.87,10.97,10.77,77985.0,002629
294,2014-09-19,10.85,10.79,10.85,10.64,71231.0,002629
295,2014-09-22,10.7,10.71,10.98,10.64,89110.0,002629
296,2014-09-23,10.67,10.77,10.81,10.61,65951.0,002629
297,2014-09-24,10.7,11.06,11.18,10.65,131021.0,002629
298,2014-09-25,11.03,10.91,11.06,10.84,103796.0,002629
299,2014-09-26,10.87,11.2,11.4,10.83,171810.0,002629
300,2014-09-29,11.15,11.15,11.35,11.02,118785.0,002629
301,2014-09-30,11.16,11.2,11.22,11.1,77452.0,002629
302,2014-10-08,11.21,11.19,11.27,11.07,90123.0,002629
303,2014-10-09,11.19,11.2,11.2,11.0,109632.0,002629
304,2014-10-10,11.19,11.04,11.19,11.0,79779.0,002629
305,2014-10-13,10.93,10.75,10.97,10.68,95207.0,002629
306,2014-10-14,10.8,10.79,11.01,10.72,79181.0,002629
307,2014-10-15,10.8,10.58,10.85,10.38,85999.0,002629
308,2014-10-16,10.58,10.15,10.58,10.15,106218.0,002629
309,2014-10-17,10.23,9.94,10.23,9.76,79834.0,002629
310,2014-10-20,10.0,10.02,10.02,9.86,72966.0,002629
311,2014-10-21,9.99,10.02,10.16,9.9,119558.0,002629
312,2014-10-22,10.02,9.51,10.06,9.51,87890.0,002629
313,2014-10-23,9.47,9.13,9.47,9.03,98410.0,002629
314,2014-10-24,9.14,9.2,9.28,9.14,38648.0,002629
315,2014-10-27,9.2,9.25,9.25,8.95,35679.0,002629
316,2014-10-28,9.25,9.52,9.54,9.24,64118.0,002629
317,2014-10-29,9.53,9.5,9.6,9.41,82311.0,002629
318,2014-10-30,9.51,9.57,9.68,9.44,83569.0,002629
319,2014-10-31,9.57,9.56,9.66,9.42,69785.0,002629
320,2014-11-03,9.5,9.78,9.99,9.5,95311.0,002629
321,2014-11-04,9.77,9.71,9.88,9.65,54162.0,002629
322,2014-11-05,9.59,9.52,9.65,9.45,71415.0,002629
323,2014-11-06,9.5,9.49,9.57,9.35,55363.0,002629
324,2014-11-07,9.48,9.47,9.7,9.43,77186.0,002629
325,2014-11-10,9.45,9.49,9.53,9.4,63134.0,002629
326,2014-11-11,9.48,8.96,9.49,8.78,100436.0,002629
327,2014-11-12,8.95,9.06,9.06,8.88,36751.0,002629
328,2014-11-13,9.06,8.92,9.07,8.82,40857.0,002629
329,2014-11-14,8.92,9.02,9.07,8.88,33959.0,002629
330,2014-11-17,9.09,9.05,9.13,9.0,43439.0,002629
331,2014-11-18,9.06,9.08,9.17,8.89,75337.0,002629
332,2014-11-19,9.23,9.25,9.3,9.11,93933.0,002629
333,2014-11-20,9.2,9.21,9.33,9.19,49144.0,002629
334,2014-11-21,9.27,9.29,9.45,9.24,54516.0,002629
335,2014-11-24,9.38,9.29,9.38,9.21,57026.0,002629
336,2014-11-25,9.28,9.37,9.39,9.22,68043.0,002629
337,2014-11-26,9.41,9.51,9.54,9.36,100076.0,002629
338,2014-11-27,9.48,9.54,9.6,9.4,96738.0,002629
339,2014-11-28,9.44,9.28,9.47,9.22,105638.0,002629
340,2014-12-01,9.24,9.16,9.3,8.94,99462.0,002629
341,2014-12-02,9.17,9.2,9.27,9.16,64561.0,002629
342,2014-12-03,9.2,9.28,9.3,9.01,108481.0,002629
343,2014-12-04,9.28,10.02,10.2,9.26,323895.0,002629
344,2014-12-05,10.02,9.47,10.02,9.22,207550.0,002629
345,2014-12-08,9.32,9.25,9.45,9.1,110372.0,002629
346,2014-12-09,9.15,8.89,9.24,8.88,139017.0,002629
347,2014-12-10,8.8,9.09,9.11,8.76,72545.0,002629
348,2014-12-11,9.0,9.09,9.18,8.93,68357.0,002629
349,2014-12-12,9.07,9.25,9.26,9.03,74839.0,002629
350,2014-12-15,9.22,9.28,9.3,9.1,74036.0,002629
351,2014-12-16,9.25,9.26,9.31,9.18,67204.0,002629
352,2014-12-17,9.24,9.06,9.24,9.01,71745.0,002629
353,2014-12-18,9.1,9.47,9.7,9.07,151937.0,002629
354,2014-12-19,9.38,9.34,9.7,9.1,193180.0,002629
355,2014-12-22,9.28,8.81,9.3,8.7,130002.0,002629
356,2014-12-23,8.77,8.43,8.77,8.43,66484.0,002629
357,2014-12-24,8.43,8.68,8.88,8.4,67381.0,002629
358,2014-12-25,8.57,8.66,8.71,8.55,46019.0,002629
359,2014-12-26,8.66,8.51,8.66,8.48,75703.0,002629
360,2014-12-29,8.5,8.1,8.5,8.08,123298.0,002629
361,2014-12-30,8.05,7.8,8.19,7.75,93849.0,002629
362,2014-12-31,7.79,7.86,7.87,7.69,58036.0,002629
363,2015-01-05,7.87,8.15,8.35,7.72,112949.0,002629
364,2015-01-06,8.03,8.13,8.13,7.91,92249.0,002629
365,2015-01-07,8.1,8.17,8.22,8.04,67918.0,002629
366,2015-01-08,8.14,8.3,8.68,8.13,134050.0,002629
367,2015-01-09,8.22,8.16,8.35,8.14,74055.0,002629
368,2015-01-12,8.07,7.88,8.07,7.85,53708.0,002629
369,2015-01-13,7.88,8.01,8.01,7.77,34109.0,002629
370,2015-01-14,8.01,8.05,8.2,7.99,44014.0,002629
371,2015-01-15,8.2,8.14,8.3,8.08,43246.0,002629
372,2015-01-16,8.11,8.18,8.18,8.06,41241.0,002629
373,2015-01-19,8.08,7.92,8.28,7.88,71049.0,002629
374,2015-01-20,7.97,8.18,8.2,7.97,62788.0,002629
375,2015-01-21,8.18,8.35,8.36,8.18,104677.0,002629
376,2015-01-22,8.35,8.73,8.76,8.27,191061.0,002629
377,2015-01-23,8.73,8.56,8.75,8.5,117759.0,002629
378,2015-01-26,8.5,8.58,8.59,8.38,82921.0,002629
379,2015-01-27,8.58,8.56,8.68,8.43,84291.0,002629
380,2015-01-28,8.51,8.52,8.66,8.46,69273.0,002629
381,2015-01-29,8.49,8.54,8.6,8.43,60222.0,002629
382,2015-01-30,8.57,8.35,8.6,8.33,54305.0,002629
383,2015-02-02,8.5,8.44,8.58,8.41,63079.0,002629
384,2015-02-03,8.48,8.59,8.7,8.46,101264.0,002629
385,2015-02-04,8.75,8.65,8.8,8.59,110220.0,002629
386,2015-02-05,8.61,8.48,8.62,8.45,65095.0,002629
387,2015-02-06,8.52,8.28,8.54,8.25,49111.0,002629
388,2015-02-09,8.29,8.25,8.42,8.11,33346.0,002629
389,2015-02-10,8.25,8.25,8.3,8.13,30342.0,002629
390,2015-02-11,8.31,8.55,8.55,8.2,68573.0,002629
391,2015-02-12,8.49,8.6,8.7,8.45,63624.0,002629
392,2015-02-13,8.63,8.62,8.75,8.6,68220.0,002629
393,2015-02-16,8.64,8.84,8.9,8.57,120917.0,002629
394,2015-02-17,8.89,8.83,8.9,8.8,61993.0,002629
395,2015-02-25,8.73,8.93,9.08,8.73,86237.0,002629
396,2015-02-26,8.93,8.94,9.01,8.81,65561.0,002629
397,2015-02-27,8.9,9.0,9.05,8.82,85777.0,002629
398,2015-03-02,9.0,9.17,9.23,8.93,106676.0,002629
399,2015-03-03,9.3,9.13,9.3,9.1,135009.0,002629
400,2015-03-04,9.14,9.15,9.17,9.06,80281.0,002629
401,2015-03-05,9.13,9.4,9.41,9.08,151188.0,002629
402,2015-03-06,9.35,9.18,9.37,9.16,91906.0,002629
403,2015-03-09,9.18,9.24,9.29,9.04,68843.0,002629
404,2015-03-10,9.23,9.34,9.44,9.19,94358.0,002629
405,2015-03-11,9.34,9.17,9.4,9.1,102917.0,002629
406,2015-03-12,9.17,9.05,9.26,9.0,102461.0,002629
407,2015-03-13,9.1,9.11,9.18,9.05,118800.0,002629
408,2015-03-16,9.14,9.6,9.64,9.12,264310.0,002629
409,2015-03-17,9.6,10.08,10.2,9.52,333671.0,002629
410,2015-03-18,10.03,10.12,10.18,9.81,210904.0,002629
411,2015-03-19,10.14,10.5,10.88,9.93,266972.0,002629
412,2015-03-20,10.5,11.1,11.15,10.45,307119.0,002629
413,2015-03-24,10.91,11.2,11.8,10.42,478184.0,002629
414,2015-03-25,11.0,10.87,11.05,10.72,225085.0,002629
415,2015-03-26,10.8,11.11,11.47,10.53,319166.0,002629
416,2015-03-27,11.0,10.87,11.15,10.82,169063.99,002629
417,2015-03-30,10.96,11.01,11.16,10.72,161022.0,002629
418,2015-03-31,10.9,10.58,10.9,10.5,330804.0,002629
419,2015-04-01,10.56,10.85,11.0,10.48,255681.0,002629
420,2015-04-02,10.91,11.31,11.68,10.87,334359.0,002629
421,2015-04-03,11.03,11.31,11.44,11.03,217416.0,002629
422,2015-04-07,11.38,11.57,11.8,11.3,247116.0,002629
423,2015-04-08,11.58,11.23,11.58,10.86,240085.0,002629
424,2015-04-09,11.13,10.89,11.13,10.57,181721.0,002629
425,2015-04-10,10.85,11.14,11.23,10.81,144422.0,002629
426,2015-04-13,11.14,11.35,11.62,11.14,251297.0,002629
427,2015-04-14,11.3,12.49,12.49,11.2,457373.0,002629
428,2015-04-15,12.5,12.78,13.18,12.32,561322.0,002629
429,2015-04-16,12.3,13.19,13.58,11.9,368821.0,002629
430,2015-04-17,13.19,13.4,14.23,12.82,380297.0,002629
431,2015-04-20,13.1,12.43,13.3,12.27,335709.0,002629
432,2015-04-21,12.75,13.45,13.5,12.5,278730.0,002629
433,2015-04-22,13.25,13.45,13.86,13.21,221668.0,002629
434,2015-04-23,13.4,13.18,13.55,13.15,201587.0,002629
435,2015-04-24,12.9,13.25,13.39,12.7,221539.0,002629
436,2015-04-27,13.27,14.0,14.25,13.12,354773.0,002629
437,2015-04-28,13.7,13.03,13.85,12.88,274307.0,002629
438,2015-04-29,13.0,13.43,13.79,12.5,187676.0,002629
439,2015-04-30,13.48,14.73,14.77,13.45,427604.0,002629
440,2015-05-04,14.77,15.57,15.99,14.4,336074.0,002629
441,2015-05-05,15.38,14.89,16.8,14.5,296969.0,002629
442,2015-05-06,14.95,14.85,15.56,14.6,203507.0,002629
443,2015-05-07,14.68,13.5,14.68,13.4,150310.0,002629
444,2015-05-08,13.8,14.53,14.6,13.5,187930.0,002629
445,2015-05-11,14.73,15.33,15.45,14.6,159874.0,002629
446,2015-05-12,15.43,15.52,15.96,15.0,203372.0,002629
447,2015-05-13,15.2,16.8,16.85,15.2,258758.0,002629
448,2015-05-14,16.85,17.5,18.0,16.51,239466.0,002629
449,2015-05-15,17.38,17.69,18.4,16.5,211722.0,002629
450,2015-05-18,17.58,17.39,18.0,17.22,152609.0,002629
451,2015-05-19,17.22,17.3,17.88,16.7,201705.0,002629
452,2015-05-20,17.0,17.18,17.6,16.84,200544.0,002629
453,2015-05-21,17.13,18.4,18.68,17.1,196413.0,002629
454,2015-05-22,18.88,17.73,18.9,17.3,258036.0,002629
455,2015-05-25,17.48,17.82,18.13,17.0,201773.0,002629
456,2015-05-26,17.8,18.17,18.5,17.7,268198.0,002629
457,2015-05-27,18.31,19.2,19.73,18.06,278285.0,002629
458,2015-05-28,19.22,17.28,19.47,17.28,244441.0,002629
459,2015-05-29,17.28,17.15,17.8,15.74,156672.0,002629
460,2015-06-01,17.23,18.25,18.3,17.23,144819.0,002629
461,2015-06-02,18.4,19.63,19.65,18.25,182252.0,002629
462,2015-06-03,19.75,19.27,20.53,18.43,201724.0,002629
463,2015-06-04,12.9,13.18,13.5,11.7,243328.0,002629
464,2015-06-05,13.27,13.99,14.0,13.03,416480.0,002629
465,2015-06-08,14.05,14.25,14.8,13.7,417495.0,002629
466,2015-06-09,14.25,13.73,14.25,13.36,255525.0,002629
467,2015-06-10,13.66,13.83,13.97,13.17,233840.0,002629
468,2015-06-11,13.8,13.7,13.83,13.35,210340.0,002629
469,2015-06-12,13.83,15.07,15.07,13.82,425410.0,002629
470,2015-06-15,15.4,15.18,15.92,14.65,374475.0,002629
471,2015-06-16,14.9,16.7,16.7,14.37,383362.0,002629
472,2015-06-17,16.1,17.84,18.12,15.88,532112.0,002629
473,2015-06-18,17.7,16.82,17.75,16.36,318558.0,002629
474,2015-06-19,16.12,15.14,16.4,15.14,210056.0,002629
475,2015-06-23,14.72,13.86,15.14,13.63,281422.0,002629
476,2015-06-24,14.0,14.8,14.98,13.88,290116.0,002629
477,2015-06-25,14.99,13.87,15.0,13.45,253043.0,002629
478,2015-06-26,13.2,12.48,13.39,12.48,182409.0,002629
479,2015-06-29,12.78,11.23,12.9,11.23,314858.0,002629
480,2015-06-30,10.51,11.87,11.88,10.11,332194.0,002629
481,2015-07-01,11.23,10.68,11.9,10.68,271773.0,002629
482,2015-07-02,10.5,9.61,10.5,9.61,241583.0,002629
483,2015-07-03,8.66,8.65,9.3,8.65,175713.0,002629
484,2015-07-06,9.48,7.79,9.48,7.79,308533.0,002629
485,2015-07-07,7.01,7.01,7.1,7.01,53643.0,002629
486,2015-07-08,6.31,6.31,6.49,6.31,447332.0,002629
487,2015-07-09,5.8,6.94,6.94,5.8,317253.0,002629
488,2015-07-10,7.4,7.63,7.63,7.14,165614.0,002629
489,2015-12-09,8.39,8.39,8.39,8.39,2856.0,002629
490,2015-12-10,9.23,9.23,9.23,9.23,914.0,002629
491,2015-12-11,10.15,10.15,10.15,10.15,4502.0,002629
492,2015-12-14,11.17,11.17,11.17,11.17,14356.0,002629
493,2015-12-15,12.29,12.29,12.29,11.81,601973.0,002629
494,2015-12-16,12.54,13.52,13.52,12.4,409917.0,002629
495,2015-12-17,14.5,14.87,14.87,14.25,288621.0,002629
496,2015-12-18,16.0,14.1,16.05,13.9,935826.0,002629
497,2015-12-21,14.35,13.85,14.51,13.65,574136.0,002629
498,2015-12-22,13.99,14.38,14.85,13.73,563669.0,002629
499,2015-12-23,14.63,14.89,15.82,14.51,759298.0,002629
500,2015-12-24,14.3,14.44,14.55,13.82,401979.0,002629
501,2015-12-25,14.45,14.59,15.08,14.25,301644.0,002629
502,2015-12-28,14.59,13.86,14.7,13.85,293359.0,002629
503,2015-12-29,14.36,13.9,14.36,13.6,231808.0,002629
504,2015-12-30,13.75,14.56,14.56,13.75,274762.0,002629
505,2015-12-31,14.5,13.97,15.17,13.9,310569.0,002629
506,2016-01-04,14.22,13.24,14.69,13.18,250247.0,002629
507,2016-01-05,12.88,14.53,14.56,12.68,583807.0,002629
508,2016-01-06,14.21,14.9,15.2,14.15,452519.0,002629
509,2016-01-07,14.57,13.43,14.85,13.41,132901.0,002629
510,2016-01-08,13.99,14.77,14.77,13.07,479701.0,002629
511,2016-01-11,14.2,13.29,14.66,13.29,481132.0,002629
512,2016-01-12,12.59,11.96,13.25,11.96,380509.0,002629
513,2016-01-13,11.71,10.76,11.95,10.76,346872.0,002629
514,2016-01-14,10.13,10.93,11.3,9.77,277853.0,002629
515,2016-01-15,10.71,11.7,12.02,10.71,370406.0,002629
516,2016-01-18,11.19,11.71,11.97,11.02,234561.0,002629
517,2016-01-19,11.7,12.37,12.66,11.6,208067.0,002629
518,2016-01-20,12.4,12.45,12.95,12.2,257215.0,002629
519,2016-01-21,12.08,11.21,12.3,11.21,262129.0,002629
520,2016-01-22,11.2,11.59,11.8,11.16,209576.0,002629
521,2016-01-25,11.75,11.97,12.39,11.64,194296.0,002629
522,2016-01-26,11.5,11.19,11.82,11.01,193932.0,002629
523,2016-01-27,11.32,11.54,11.79,10.81,219657.0,002629
524,2016-01-28,11.15,11.07,11.93,10.5,236909.0,002629
525,2016-01-29,11.15,11.35,11.75,10.8,158461.0,002629
526,2016-02-01,11.24,11.35,11.7,11.0,122076.0,002629
527,2016-02-02,11.31,11.82,11.88,11.31,153448.0,002629
528,2016-02-03,11.63,11.57,11.76,11.3,130289.0,002629
529,2016-02-04,11.74,12.15,12.2,11.62,169458.0,002629
530,2016-02-05,12.1,12.01,12.39,11.69,154634.0,002629
531,2016-02-15,11.5,12.11,12.29,11.4,112485.0,002629
532,2016-02-16,12.1,12.41,12.65,12.03,136414.0,002629
533,2016-02-17,12.3,12.45,12.59,12.11,156305.0,002629
534,2016-02-18,12.65,12.35,12.94,12.25,156370.0,002629
535,2016-02-19,12.15,12.19,12.55,11.87,144157.0,002629
536,2016-02-22,12.36,12.65,12.74,12.14,150836.0,002629
537,2016-02-23,12.69,12.88,13.26,12.52,250590.0,002629
538,2016-02-24,12.83,13.07,13.2,12.61,198161.0,002629
539,2016-02-25,13.31,11.76,13.5,11.76,274434.0,002629
540,2016-02-26,11.88,11.52,12.1,11.25,184489.0,002629
541,2016-02-29,11.11,10.37,11.48,10.37,207749.0,002629
542,2016-03-01,10.25,10.54,10.73,9.99,134192.0,002629
543,2016-03-02,10.06,10.75,10.9,9.85,194757.0,002629
544,2016-03-03,10.63,10.82,11.19,10.46,179961.0,002629
545,2016-03-04,10.65,10.02,10.94,10.0,123379.0,002629
546,2016-03-07,9.95,10.09,10.4,9.95,106079.0,002629
547,2016-03-08,10.16,10.53,10.6,9.38,148841.0,002629
548,2016-03-09,10.17,10.1,10.5,10.07,118453.0,002629
549,2016-03-10,10.21,10.02,10.35,9.9,73617.0,002629
550,2016-03-11,9.9,9.62,9.9,9.1,139002.0,002629
551,2016-03-14,9.68,9.95,10.14,9.49,125438.0,002629
552,2016-03-15,9.87,10.74,10.95,9.81,367433.0,002629
553,2016-03-16,10.59,10.35,10.97,10.17,204545.0,002629
554,2016-03-17,10.37,10.9,11.13,10.34,191470.0,002629
555,2016-03-18,10.84,11.21,11.43,10.82,208610.0,002629
556,2016-03-21,11.2,11.53,11.75,11.09,145022.0,002629
557,2016-03-22,11.31,11.5,11.75,11.23,124317.0,002629
558,2016-03-23,11.53,11.65,11.87,11.5,102820.0,002629
559,2016-03-24,11.51,12.82,12.82,11.4,273752.0,002629
560,2016-03-25,12.9,12.83,12.95,12.45,191728.0,002629
561,2016-03-28,13.08,12.66,13.31,12.49,185097.0,002629
562,2016-03-29,12.48,13.1,13.55,12.48,251966.0,002629
563,2016-03-30,13.19,13.93,14.17,13.1,212032.0,002629
564,2016-03-31,14.25,13.56,14.25,13.37,233532.0,002629
565,2016-04-01,13.55,13.7,13.95,13.32,126635.0,002629
566,2016-04-05,13.69,14.21,14.43,13.69,206329.0,002629
567,2016-04-06,13.95,13.73,14.22,13.69,161932.0,002629
568,2016-04-07,13.81,13.12,13.94,13.05,206091.0,002629
569,2016-04-08,12.9,13.4,13.4,12.43,226896.0,002629
570,2016-04-11,13.41,13.47,13.88,13.33,150373.0,002629
571,2016-04-12,13.33,13.51,13.76,13.13,136210.0,002629
572,2016-04-13,13.65,13.72,14.0,13.6,174821.0,002629
573,2016-04-14,13.8,13.93,14.12,13.78,144507.0,002629
574,2016-04-15,13.95,14.05,14.19,13.5,183975.0,002629
575,2016-04-18,13.85,13.75,13.97,13.5,139298.0,002629
576,2016-04-19,13.76,13.99,14.2,13.75,150266.0,002629
577,2016-04-20,14.0,13.44,14.38,13.0,269083.0,002629
578,2016-04-21,13.09,12.88,13.37,12.8,152227.0,002629
579,2016-04-22,12.83,13.8,13.8,12.65,130410.0,002629
580,2016-04-25,13.67,14.1,14.26,13.61,176588.0,002629
581,2016-04-26,13.95,14.07,14.24,13.81,121072.0,002629
582,2016-04-27,14.18,14.1,14.29,13.79,143784.0,002629
583,2016-04-28,14.06,13.85,14.1,13.5,130093.0,002629
584,2016-04-29,13.8,15.24,15.24,13.77,286922.0,002629
585,2016-05-03,15.05,15.33,15.52,14.91,228284.0,002629
586,2016-05-04,15.2,15.5,15.7,14.97,202141.0,002629
587,2016-05-05,15.37,15.89,16.1,15.2,246554.0,002629
588,2016-05-06,16.02,14.3,16.02,14.3,379709.0,002629
589,2016-05-09,13.4,12.87,13.99,12.87,294951.0,002629
590,2016-05-10,12.65,12.45,12.9,12.21,158056.0,002629
591,2016-05-11,12.75,12.68,13.06,12.64,156224.0,002629
592,2016-05-12,12.18,12.12,12.25,11.41,203364.0,002629
593,2016-05-13,11.81,11.93,12.26,11.71,115898.0,002629
594,2016-05-16,12.19,12.25,12.37,12.01,122860.0,002629
595,2016-05-17,12.24,12.05,12.39,11.9,130422.0,002629
596,2016-05-18,11.5,11.1,11.65,10.85,191723.0,002629
597,2016-05-19,11.04,11.12,11.38,10.91,117517.0,002629
598,2016-05-20,11.11,11.1,11.52,10.95,133595.0,002629
599,2016-05-23,11.22,11.28,11.38,11.14,81333.0,002629
600,2016-05-24,11.25,11.54,11.97,11.2,133269.0,002629
601,2016-05-25,11.6,11.62,11.94,11.41,133111.0,002629
602,2016-05-26,11.66,11.91,11.99,11.46,120679.0,002629
603,2016-05-27,11.79,11.85,11.98,11.72,91734.0,002629
604,2016-05-30,11.8,11.5,11.8,11.36,71172.0,002629
605,2016-05-31,11.55,11.9,11.96,11.5,128715.0,002629
606,2016-06-01,11.86,12.06,12.18,11.86,129500.0,002629
607,2016-06-02,11.96,12.04,12.09,11.82,102101.0,002629
608,2016-06-03,12.0,12.08,12.23,11.86,101470.0,002629
609,2016-06-06,12.07,12.38,12.63,12.03,123902.0,002629
610,2016-06-07,12.28,12.31,12.53,12.22,75178.0,002629
611,2016-06-08,12.15,12.04,12.27,11.86,77459.0,002629
612,2016-06-13,11.7,10.94,11.82,10.92,129567.0,002629
613,2016-06-14,10.8,11.09,11.19,10.8,73484.0,002629
614,2016-06-15,11.02,11.46,11.52,10.97,90688.0,002629
615,2016-06-16,11.5,11.75,11.95,11.4,102722.0,002629
616,2016-06-17,11.75,11.67,11.89,11.52,60128.0,002629
617,2016-06-20,10.8,11.08,11.45,10.57,178603.0,002629
618,2016-06-21,11.08,10.83,11.16,10.71,97748.0,002629
619,2016-06-22,10.8,10.95,11.02,10.77,61379.0,002629
620,2016-06-23,11.02,10.95,11.06,10.86,52308.0,002629
621,2016-06-24,10.95,11.32,11.5,10.71,152262.0,002629
622,2016-06-27,11.27,11.41,11.46,11.25,90173.0,002629
623,2016-06-28,11.42,11.54,11.56,11.31,88053.0,002629
624,2016-06-29,11.5,12.05,12.15,11.42,148582.0,002629
625,2016-06-30,11.98,12.12,12.31,11.89,114512.0,002629
626,2016-07-01,12.05,12.03,12.16,11.81,87530.0,002629
627,2016-07-04,12.0,12.0,12.11,11.79,89417.0,002629
628,2016-07-05,11.96,12.04,12.27,11.95,92599.0,002629
629,2016-07-06,11.96,12.27,12.38,11.85,106172.0,002629
630,2016-07-07,12.28,12.09,12.39,12.02,82206.0,002629
631,2016-07-08,12.12,12.31,12.63,12.05,116491.0,002629
632,2016-07-11,12.22,12.13,12.4,12.13,77978.0,002629
633,2016-07-12,12.08,12.13,12.13,11.63,100043.0,002629
634,2016-07-13,12.09,12.06,12.2,11.96,72886.0,002629
635,2016-07-14,12.0,11.99,12.13,11.81,67593.0,002629
636,2016-07-15,12.06,13.19,13.19,11.97,226466.0,002629
637,2016-07-18,13.26,13.37,13.73,12.83,288614.0,002629
638,2016-07-19,13.39,13.15,13.39,12.9,126287.0,002629
639,2016-07-20,13.05,13.05,13.37,13.01,105231.0,002629
640,2016-07-21,12.99,12.78,13.14,12.71,126825.0,002629
641,2016-07-22,12.81,12.9,13.05,12.59,141334.0,002629
642,2016-07-25,12.75,13.4,13.67,12.55,164251.0,002629
643,2016-07-26,13.35,13.28,13.57,13.1,94414.0,002629
644,2016-07-27,13.28,12.17,13.36,12.0,172949.0,002629
645,2016-07-28,12.16,11.7,12.36,11.36,163869.0,002629
646,2016-07-29,11.79,11.63,11.79,11.41,79295.0,002629
647,2016-08-01,11.51,11.5,11.88,11.39,92743.0,002629
648,2016-08-02,11.45,11.69,11.69,11.45,46351.0,002629
649,2016-08-03,11.69,11.64,11.77,11.58,42618.0,002629
650,2016-08-04,11.61,11.8,12.0,11.61,71143.0,002629
651,2016-08-05,11.7,11.82,11.87,11.57,69093.0,002629
652,2016-08-08,11.81,11.77,11.82,11.35,48309.0,002629
653,2016-08-09,11.86,11.99,12.16,11.86,68129.0,002629
654,2016-08-10,12.09,11.87,12.09,11.85,46939.0,002629
655,2016-08-11,11.79,11.84,12.15,11.78,69219.0,002629
656,2016-08-12,11.71,11.82,11.91,11.7,48590.0,002629
657,2016-08-15,11.81,11.94,12.05,11.7,80492.0,002629
658,2016-08-16,11.92,12.09,12.17,11.92,80558.0,002629
659,2016-08-17,12.09,12.06,12.2,11.86,78900.0,002629
660,2016-08-18,11.99,12.15,12.22,11.95,84399.0,002629
661,2016-08-19,12.16,12.43,12.59,12.1,133294.0,002629
662,2016-08-22,12.3,11.9,12.35,11.89,92196.0,002629
663,2016-08-23,11.8,11.8,11.94,11.0,91625.0,002629
664,2016-08-24,11.8,11.6,11.8,11.49,77193.0,002629
665,2016-08-25,11.4,11.7,11.76,11.33,89854.0,002629
666,2016-08-26,11.79,11.63,11.85,11.6,58648.0,002629
667,2016-08-29,11.64,11.51,11.7,11.45,62073.0,002629
668,2016-08-30,11.5,11.6,11.71,11.46,57258.0,002629
669,2016-08-31,11.63,11.58,11.76,11.46,63428.0,002629
670,2016-09-01,11.52,11.49,11.61,11.47,46608.0,002629
671,2016-09-02,11.49,11.5,11.72,11.45,48894.0,002629
672,2016-09-05,11.58,11.54,11.58,11.48,33431.0,002629
673,2016-09-06,11.5,11.62,11.64,11.44,43205.0,002629
674,2016-09-07,11.62,11.7,11.82,11.62,66996.0,002629
675,2016-09-08,11.77,12.14,12.3,11.64,182355.0,002629
676,2016-09-09,12.13,12.24,12.47,11.97,218713.0,002629
677,2016-09-12,11.76,11.52,11.92,11.45,141440.0,002629
678,2016-09-13,11.6,12.39,12.54,11.58,200941.0,002629
679,2016-09-14,12.39,12.2,12.39,11.88,137832.0,002629
680,2016-09-19,12.19,12.2,12.28,11.92,90063.0,002629
681,2016-09-20,12.17,12.08,12.2,12.03,56019.0,002629
682,2016-09-21,12.07,12.1,12.34,12.06,69248.0,002629
683,2016-09-22,12.15,12.29,12.5,12.03,103939.0,002629
684,2016-09-23,12.29,12.53,13.05,12.16,169918.0,002629
685,2016-09-26,12.46,12.7,13.1,12.36,260753.0,002629
686,2016-09-27,12.62,12.84,13.0,12.52,186737.0,002629
687,2016-09-28,12.71,12.71,12.83,12.49,116517.0,002629
688,2016-09-29,12.86,13.2,13.28,12.76,267967.0,002629
689,2016-09-30,13.2,13.11,13.38,12.99,217060.0,002629
690,2017-02-17,12.31,11.8,12.9,11.8,343031.0,002629
691,2017-02-20,11.1,10.89,11.3,10.7,346002.0,002629
692,2017-02-21,10.79,10.87,11.06,10.72,186400.0,002629
693,2017-02-22,10.82,11.02,11.26,10.82,168903.0,002629
694,2017-02-23,11.03,10.83,11.08,10.68,149169.0,002629
695,2017-02-24,10.79,10.62,10.79,10.36,177161.0,002629
696,2017-02-27,10.57,10.71,10.74,10.48,100819.0,002629
697,2017-02-28,10.68,10.71,10.76,10.63,84109.0,002629
698,2017-03-01,10.75,10.83,10.85,10.6,126375.0,002629
699,2017-03-02,10.8,10.62,10.84,10.61,81096.0,002629
700,2017-03-03,10.62,10.59,10.74,10.44,68630.0,002629
701,2017-03-06,10.55,10.62,10.65,10.55,58635.0,002629
702,2017-03-07,10.61,10.68,10.69,10.56,62399.0,002629
703,2017-03-08,10.69,10.7,10.81,10.63,73228.0,002629
704,2017-03-09,10.68,10.49,10.72,10.47,75710.0,002629
705,2017-03-10,10.5,10.46,10.54,10.43,47146.0,002629
706,2017-03-13,10.42,10.37,10.44,10.2,72176.0,002629
707,2017-03-14,10.35,10.38,10.48,10.34,52858.0,002629
708,2017-03-15,10.38,10.27,10.44,10.23,58145.0,002629
709,2017-03-16,10.32,10.6,10.67,10.28,143865.0,002629
710,2017-03-17,10.59,10.73,10.95,10.47,180095.0,002629
711,2017-03-20,10.65,10.77,10.82,10.56,85362.0,002629
712,2017-03-21,10.7,10.73,10.87,10.69,54541.0,002629
713,2017-03-22,10.66,10.49,10.74,10.46,74066.0,002629
714,2017-03-23,10.46,10.39,10.58,10.23,75812.0,002629
715,2017-03-24,10.45,10.4,10.47,10.31,47600.0,002629
716,2017-03-27,10.32,10.29,10.45,10.17,74198.0,002629
717,2017-03-28,10.25,10.22,10.33,10.18,46680.0,002629
718,2017-03-29,10.23,10.25,10.32,10.21,55191.0,002629
719,2017-03-30,10.26,9.37,10.26,9.37,178159.0,002629
720,2017-03-31,9.2,9.26,9.36,9.01,104335.0,002629
721,2017-04-05,9.26,9.31,9.34,9.14,84266.0,002629
722,2017-04-06,9.28,9.41,9.49,9.24,69805.0,002629
723,2017-04-07,9.4,9.39,9.46,9.3,63421.0,002629
724,2017-04-10,9.36,9.06,9.36,9.02,96307.0,002629
725,2017-04-11,9.02,8.92,9.07,8.71,102711.0,002629
726,2017-04-12,8.92,8.69,9.06,8.62,104415.0,002629
727,2017-04-13,8.66,8.81,8.89,8.66,73279.0,002629
728,2017-04-14,8.8,9.47,9.66,8.71,214280.0,002629
729,2017-04-17,9.67,10.16,10.27,9.47,297162.0,002629
730,2017-04-18,10.23,9.63,10.23,9.5,169524.0,002629
731,2017-04-19,9.68,9.79,10.15,9.55,141818.0,002629
732,2017-04-20,9.49,9.32,9.92,9.22,118377.0,002629
733,2017-04-21,9.37,9.0,9.45,8.91,109531.0,002629
734,2017-04-24,9.03,8.83,9.06,8.72,71012.0,002629
735,2017-04-25,8.8,8.85,9.04,8.78,69632.0,002629
736,2017-04-26,8.87,8.6,8.9,8.58,66285.0,002629
737,2017-04-27,8.51,8.51,8.56,8.26,96073.0,002629
738,2017-04-28,8.5,8.73,9.0,8.45,54821.0,002629
739,2017-05-02,8.7,8.71,8.88,8.59,54228.0,002629
740,2017-05-03,8.72,8.74,8.8,8.66,40096.0,002629
741,2017-05-04,8.72,8.89,8.94,8.55,66810.0,002629
742,2017-05-05,8.83,8.71,8.98,8.7,48534.0,002629
743,2017-05-08,8.68,8.35,8.68,8.35,44128.0,002629
744,2017-05-09,8.35,8.42,8.43,8.08,59701.0,002629
745,2017-05-10,8.35,8.24,8.45,8.21,33787.0,002629
746,2017-05-11,8.2,8.12,8.2,7.85,72806.0,002629
747,2017-05-12,8.1,7.97,8.2,7.97,37538.0,002629
748,2017-05-15,8.31,8.02,8.31,8.0,30961.0,002629
749,2017-05-16,7.98,8.25,8.26,7.97,41723.0,002629
750,2017-05-17,8.53,8.29,8.53,8.24,48220.0,002629
751,2017-05-18,8.24,8.71,8.75,8.1,106710.0,002629
752,2017-05-19,8.95,8.67,9.36,8.63,229946.0,002629
753,2017-05-22,8.53,8.2,8.53,8.2,128841.0,002629
754,2017-05-23,8.05,7.6,8.08,7.5,118950.0,002629
755,2017-05-24,7.55,7.68,7.76,7.31,49717.0,002629
756,2017-05-25,7.58,7.71,7.75,7.43,49933.0,002629
757,2017-05-26,7.69,7.68,7.87,7.62,42587.0,002629
758,2017-05-31,7.75,7.56,7.83,7.51,44454.0,002629
759,2017-06-01,7.55,7.18,7.64,7.15,74596.0,002629
760,2017-06-02,7.11,7.28,7.34,7.03,48600.0,002629
761,2017-06-05,7.28,7.32,7.43,7.21,28575.0,002629
762,2017-06-06,7.31,7.43,7.48,7.24,34949.0,002629
763,2017-06-07,7.42,7.58,7.61,7.39,38554.0,002629
764,2017-06-08,7.58,7.48,7.67,7.47,36761.0,002629
765,2017-06-09,7.46,7.49,7.54,7.29,35543.0,002629
766,2017-06-12,7.4,7.22,7.47,7.21,37084.0,002629
767,2017-06-13,7.25,7.36,7.36,7.2,30378.0,002629
768,2017-06-14,7.3,7.51,7.59,7.3,60822.0,002629
769,2017-06-15,7.5,7.57,7.62,7.43,47654.0,002629
770,2017-06-16,7.59,7.57,7.64,7.51,28076.0,002629
771,2017-06-19,7.56,7.6,7.64,7.48,42835.0,002629
772,2017-06-20,7.59,7.63,7.71,7.56,38481.0,002629
773,2017-06-21,7.66,7.53,7.66,7.45,41142.0,002629
774,2017-06-22,7.52,7.27,7.55,7.25,43167.0,002629
775,2017-06-23,7.27,7.38,7.38,7.16,34540.0,002629
776,2017-06-26,7.75,7.52,7.75,7.37,44789.0,002629
777,2017-06-27,7.49,7.46,7.6,7.41,39578.0,002629
778,2017-06-28,7.41,7.36,7.45,7.34,25991.0,002629
779,2017-06-29,7.38,7.36,7.42,7.33,23639.0,002629
780,2017-06-30,7.34,7.4,7.4,7.32,24796.0,002629
781,2017-07-03,7.4,7.44,7.44,7.35,26436.0,002629
782,2017-07-04,7.43,7.73,8.05,7.43,121146.0,002629
783,2017-07-05,7.72,7.67,7.73,7.57,57327.0,002629
784,2017-07-06,7.68,7.6,7.68,7.55,44083.0,002629
785,2017-07-07,7.61,7.64,7.64,7.51,33495.0,002629
786,2017-07-10,7.58,7.51,7.62,7.5,36555.0,002629
787,2017-07-11,7.53,7.36,7.54,7.35,42811.0,002629
788,2017-07-12,7.35,7.36,7.4,7.23,31391.0,002629
789,2017-07-13,7.36,7.33,7.36,7.29,24708.0,002629
790,2017-07-14,7.35,7.28,7.35,7.26,24553.0,002629
791,2017-07-17,7.24,6.55,7.26,6.55,125891.0,002629
792,2017-07-18,6.55,6.58,6.61,6.41,42480.0,002629
793,2017-07-19,6.6,6.62,6.62,6.48,34580.0,002629
794,2017-07-20,6.6,6.7,6.83,6.57,44666.0,002629
795,2017-07-21,6.7,6.7,6.74,6.65,21562.0,002629
796,2017-07-24,6.67,6.68,6.7,6.54,50325.0,002629
797,2017-07-25,6.65,6.62,6.68,6.57,31155.0,002629
798,2017-07-26,6.64,6.75,6.83,6.63,54006.0,002629
799,2017-07-27,6.75,6.91,6.99,6.69,57828.0,002629
800,2017-07-28,6.91,6.82,6.97,6.78,40015.0,002629
801,2017-07-31,6.84,6.79,6.84,6.72,33791.0,002629
802,2017-08-01,6.79,6.84,6.85,6.74,36706.0,002629
803,2017-08-02,6.83,6.76,6.87,6.75,31098.0,002629
804,2017-08-03,6.78,6.85,6.86,6.75,36239.0,002629
805,2017-08-04,6.85,6.85,6.89,6.8,31555.0,002629
806,2017-08-07,6.78,6.91,6.95,6.78,24386.0,002629
807,2017-08-08,6.88,6.84,6.9,6.8,29292.0,002629
808,2017-08-09,6.82,6.85,6.91,6.81,27364.0,002629
809,2017-08-10,6.84,6.79,6.96,6.77,44606.0,002629
810,2017-08-11,6.68,6.7,6.81,6.68,29623.0,002629
811,2017-08-14,6.74,6.85,6.85,6.69,27531.0,002629
812,2017-08-15,6.87,6.87,6.96,6.82,38153.0,002629
813,2017-08-16,6.9,7.02,7.06,6.82,50346.0,002629
814,2017-08-17,7.02,7.03,7.15,6.97,37758.0,002629
815,2017-08-18,6.95,7.29,7.33,6.92,73630.0,002629
816,2017-08-21,7.3,7.31,7.41,7.23,57247.0,002629
817,2017-08-22,7.26,7.15,7.34,7.11,34027.0,002629
818,2017-08-23,7.16,7.52,7.62,7.09,116758.0,002629
819,2017-08-24,7.49,7.57,7.69,7.37,95480.0,002629
820,2017-08-25,7.52,7.61,7.65,7.48,68095.0,002629
821,2017-08-28,7.61,7.65,7.69,7.56,58469.0,002629
822,2017-08-29,7.64,7.87,8.05,7.59,112881.0,002629
823,2017-08-30,7.8,7.9,8.0,7.78,58732.0,002629
824,2017-08-31,7.84,7.77,7.99,7.68,63889.0,002629
825,2017-09-01,7.9,8.03,8.2,7.62,97646.0,002629
826,2017-09-04,7.9,7.97,8.03,7.88,39012.0,002629
827,2017-09-05,7.94,8.19,8.25,7.85,65928.0,002629
828,2017-09-06,8.16,8.3,8.43,8.11,64885.0,002629
829,2017-09-07,8.34,8.28,8.43,8.21,58238.0,002629
830,2017-09-08,8.3,8.32,8.42,8.25,54874.0,002629
831,2017-09-11,8.37,8.39,8.5,8.27,43293.0,002629
832,2017-09-12,8.36,8.09,8.45,8.06,66398.0,002629
833,2017-09-13,8.09,8.2,8.27,8.03,55622.0,002629
834,2017-09-14,8.2,8.17,8.28,8.12,31272.0,002629
835,2017-09-15,8.18,8.3,8.34,8.11,43990.0,002629
836,2017-09-18,8.28,8.23,8.34,8.2,29494.0,002629
837,2017-09-19,8.2,8.12,8.29,8.1,41941.0,002629
838,2017-09-20,8.12,8.13,8.2,8.08,21792.0,002629
839,2017-09-21,8.15,8.22,8.32,8.08,37182.0,002629
840,2017-09-22,8.18,8.04,8.23,7.98,48275.0,002629
841,2017-09-25,8.0,7.68,8.0,7.66,42123.0,002629
842,2017-09-26,7.68,7.83,7.87,7.68,23673.0,002629
843,2017-09-27,7.81,7.9,7.93,7.8,19119.0,002629
844,2017-09-28,7.89,7.92,8.09,7.88,25236.0,002629
845,2017-09-29,7.96,8.2,8.2,7.94,23068.0,002629
846,2017-10-09,8.21,8.14,8.26,8.11,54597.0,002629
847,2017-10-10,8.15,8.14,8.18,8.05,24108.0,002629
848,2017-10-11,8.17,8.21,8.32,8.12,36399.0,002629
849,2017-10-12,8.2,8.05,8.2,7.82,42967.0,002629
850,2017-10-13,8.07,7.96,8.07,7.92,19094.0,002629
851,2017-10-16,7.99,7.84,8.0,7.76,28616.0,002629
852,2017-10-17,7.77,7.76,7.87,7.73,15979.0,002629
853,2017-10-18,7.8,7.76,7.8,7.63,19451.0,002629
854,2017-10-19,7.75,7.9,7.97,7.56,32339.0,002629
855,2017-10-20,7.86,7.95,8.0,7.78,22695.0,002629
856,2017-10-23,7.93,7.92,7.98,7.83,18713.0,002629
857,2017-10-24,7.96,7.91,7.97,7.72,16053.0,002629
858,2017-10-25,7.81,7.84,7.95,7.75,18841.0,002629
859,2017-10-26,7.91,7.96,7.99,7.8,22958.0,002629
860,2017-10-27,8.01,8.13,8.18,7.95,36167.0,002629
861,2017-10-30,8.13,7.88,8.14,7.88,26915.0,002629
862,2017-10-31,7.88,7.88,7.95,7.69,29898.0,002629
863,2017-11-01,7.88,8.24,8.46,7.86,76419.0,002629
864,2017-11-02,8.18,8.36,8.45,8.08,69847.0,002629
865,2017-11-03,8.33,8.28,8.49,8.2,75665.0,002629
866,2017-11-06,8.27,8.65,8.8,8.22,126439.0,002629
867,2017-11-07,8.55,8.64,8.85,8.55,90921.0,002629
868,2017-11-08,8.69,8.48,8.69,8.45,58748.0,002629
869,2017-11-09,8.44,8.37,8.5,8.19,61817.0,002629
870,2017-11-10,8.38,8.15,8.39,8.15,46221.0,002629
871,2017-11-13,8.2,8.26,8.3,8.1,36941.0,002629
872,2017-11-14,8.23,8.31,8.46,8.16,57517.0,002629
873,2017-11-15,8.4,8.25,8.42,8.16,42486.0,002629
874,2017-11-16,8.28,7.97,8.28,7.97,44542.0,002629
875,2017-11-17,7.92,7.92,8.03,7.65,51523.0,002629
876,2017-11-20,7.85,8.09,8.14,7.61,52216.0,002629
877,2017-11-21,7.96,8.01,8.09,7.86,32825.0,002629
878,2017-11-22,8.0,7.79,8.02,7.79,25655.0,002629
879,2017-11-23,7.79,7.02,7.79,7.01,67417.0,002629
880,2017-11-24,6.99,7.07,7.28,6.9,42058.0,002629
881,2017-11-27,7.06,7.05,7.14,7.01,17603.0,002629
882,2017-11-28,7.05,7.11,7.18,7.05,13460.0,002629
883,2017-11-29,7.11,7.13,7.18,7.06,15956.0,002629
884,2017-11-30,7.13,7.28,7.37,7.06,32099.0,002629
885,2017-12-01,7.24,7.29,7.32,7.2,15559.0,002629
886,2017-12-04,7.29,7.36,7.39,7.23,19771.0,002629
887,2017-12-05,7.35,7.15,7.45,7.13,28424.0,002629
888,2017-12-06,7.12,7.19,7.22,7.1,12949.0,002629
889,2017-12-07,7.19,7.15,7.23,7.15,12067.0,002629
890,2017-12-08,7.11,7.28,7.29,7.11,14335.0,002629
891,2017-12-11,7.27,7.32,7.34,7.23,12111.0,002629
892,2017-12-12,7.32,7.13,7.39,7.12,17806.0,002629
893,2017-12-13,7.13,7.12,7.16,7.04,14802.0,002629
894,2017-12-14,7.12,7.12,7.18,7.09,10934.0,002629
895,2017-12-15,7.11,7.19,7.21,7.05,15001.0,002629
896,2017-12-18,7.19,7.08,7.19,7.05,13646.0,002629
897,2017-12-19,7.08,7.09,7.13,7.05,9163.0,002629
898,2017-12-20,7.05,7.21,7.29,7.05,21851.0,002629
899,2017-12-21,7.24,7.23,7.27,7.08,16355.0,002629
900,2017-12-22,7.23,7.25,7.38,7.15,24833.0,002629
901,2017-12-25,7.25,7.16,7.32,7.13,20163.0,002629
902,2017-12-26,7.16,7.13,7.22,7.11,14436.0,002629
903,2017-12-27,7.13,7.13,7.28,7.11,19620.0,002629
904,2017-12-28,7.12,7.06,7.2,6.99,20974.0,002629
905,2017-12-29,7.07,7.08,7.12,7.04,12273.0,002629
906,2018-01-02,7.1,7.12,7.14,7.02,14611.0,002629
907,2018-01-03,7.12,7.17,7.18,7.07,23230.0,002629
908,2018-01-04,7.18,7.4,7.79,7.16,79136.0,002629
909,2018-01-05,7.34,7.29,7.39,7.21,31127.0,002629
910,2018-01-08,7.22,7.19,7.28,7.17,25687.0,002629
911,2018-01-09,7.21,7.08,7.26,7.07,24653.0,002629
912,2018-01-10,7.07,7.09,7.22,6.99,27856.0,002629
913,2018-01-11,7.1,7.04,7.1,7.0,22020.0,002629
914,2018-01-12,7.04,7.06,7.15,7.01,18370.0,002629
915,2018-01-15,7.05,6.43,7.08,6.35,70805.0,002629
916,2018-01-16,6.36,6.02,6.48,5.9,126734.0,002629
917,2018-01-17,6.01,6.09,6.1,5.78,73566.0,002629
918,2018-01-18,6.03,6.1,6.15,6.0,31802.0,002629
919,2018-01-19,6.09,5.99,6.14,5.94,28048.0,002629
920,2018-01-22,5.97,6.04,6.05,5.88,31594.0,002629
921,2018-01-23,6.03,5.96,6.04,5.94,31412.0,002629
922,2018-01-24,5.96,6.02,6.04,5.91,30768.0,002629
923,2018-01-25,6.02,6.0,6.14,5.97,28183.0,002629
924,2018-01-26,5.99,5.94,6.03,5.93,23166.0,002629
925,2018-01-29,5.91,5.92,6.03,5.88,23900.0,002629
926,2018-01-30,5.94,5.97,5.99,5.86,22658.0,002629
927,2018-01-31,5.86,5.75,5.86,5.42,63665.0,002629
928,2018-02-01,5.69,5.52,5.76,5.46,46010.0,002629
929,2018-02-02,5.51,5.22,5.52,5.04,43860.0,002629
930,2018-02-05,5.06,5.07,5.31,5.06,33231.0,002629
931,2018-02-06,4.99,4.56,5.07,4.56,59103.0,002629
932,2018-02-07,4.59,4.72,4.79,4.43,52752.0,002629
933,2018-02-08,4.67,4.92,5.09,4.63,34225.0,002629
934,2018-02-09,4.71,5.0,5.22,4.71,46036.0,002629
935,2018-02-12,5.15,5.18,5.25,5.0,28044.0,002629
936,2018-02-13,5.17,5.09,5.21,5.05,21214.0,002629
937,2018-02-14,5.03,5.2,5.2,5.03,14160.0,002629
938,2018-02-22,5.2,5.17,5.29,5.16,20016.0,002629
939,2018-02-23,5.15,5.2,5.2,5.12,12656.0,002629
940,2018-02-26,5.22,5.32,5.39,5.2,26038.0,002629
941,2018-02-27,5.32,5.29,5.41,5.27,19016.0,002629
942,2018-02-28,5.29,5.3,5.31,5.18,21315.0,002629
943,2018-03-01,5.3,5.46,5.48,5.25,28339.0,002629
944,2018-03-02,5.44,5.43,5.5,5.36,18171.0,002629
945,2018-03-05,5.43,5.41,5.48,5.31,16722.0,002629
946,2018-03-06,5.41,5.42,5.48,5.39,23081.0,002629
947,2018-03-07,5.43,5.44,5.48,5.4,13341.0,002629
948,2018-03-08,5.59,5.98,5.98,5.58,105389.0,002629
949,2018-03-09,6.06,6.58,6.58,5.86,139998.0,002629
950,2018-03-12,7.12,6.75,7.12,6.66,201888.0,002629
951,2018-03-13,6.72,7.03,7.43,6.52,180772.0,002629
952,2018-03-14,6.8,7.58,7.65,6.79,158179.0,002629
953,2018-03-15,7.37,8.33,8.34,7.34,347465.0,002629
954,2018-03-16,8.06,7.75,8.2,7.52,309262.0,002629
955,2018-03-19,7.55,7.7,7.86,7.35,162130.0,002629
956,2018-03-20,7.64,7.49,7.65,7.34,126421.0,002629
957,2018-03-21,7.56,7.15,7.57,7.03,121987.0,002629
958,2018-03-22,7.19,7.22,7.33,7.08,89480.0,002629
959,2018-03-23,6.99,6.5,6.99,6.5,144686.0,002629
960,2018-03-26,6.45,6.64,6.66,6.4,74502.0,002629
961,2018-03-27,6.78,6.64,6.82,6.61,94397.0,002629
962,2018-03-28,6.65,6.57,6.77,6.48,60527.0,002629
963,2018-03-29,6.69,6.59,6.69,6.55,44271.0,002629
964,2018-03-30,6.67,6.59,6.71,6.54,52419.0,002629
965,2018-04-02,6.56,6.65,6.79,6.42,80134.0,002629
966,2018-04-03,6.45,6.81,6.88,6.21,137491.0,002629
967,2018-04-04,6.71,6.44,6.79,6.44,84458.0,002629
968,2018-04-09,6.4,6.3,6.69,6.07,78846.0,002629
969,2018-04-10,6.28,6.28,6.33,6.14,47462.0,002629
970,2018-04-11,6.37,6.44,6.68,6.32,79603.0,002629
971,2018-04-12,6.59,6.63,6.85,6.42,105298.0,002629
972,2018-04-13,6.59,6.41,6.61,6.41,53754.0,002629
973,2018-04-16,6.41,6.22,6.46,6.21,37306.0,002629
974,2018-04-17,6.28,6.12,6.31,6.1,30181.0,002629
975,2018-04-18,6.15,5.85,6.2,5.66,66528.0,002629
976,2018-04-19,5.86,5.87,6.01,5.84,40234.0,002629
977,2018-04-20,5.86,5.62,5.91,5.58,34573.0,002629
978,2018-04-23,5.68,5.65,5.75,5.55,29605.0,002629
979,2018-04-24,5.63,5.78,5.84,5.59,33430.0,002629
980,2018-04-25,5.76,5.81,5.85,5.68,25319.0,002629
981,2018-04-26,5.85,5.56,5.85,5.53,42040.0,002629
982,2018-04-27,5.54,5.74,6.12,5.54,61234.0,002629
983,2018-05-02,5.64,6.16,6.31,5.64,104139.0,002629
984,2018-05-03,6.14,6.09,6.18,5.91,54306.0,002629
985,2018-05-04,6.1,5.81,6.14,5.8,49089.0,002629
986,2018-05-07,5.76,5.89,6.02,5.75,43696.0,002629
987,2018-05-08,5.88,5.92,5.94,5.79,38654.0,002629
988,2018-05-09,5.94,6.51,6.51,5.94,77417.0,002629
989,2018-05-10,7.16,7.16,7.16,7.16,33754.0,002629
990,2018-05-11,7.3,7.36,7.8,7.17,429043.0,002629
991,2018-05-14,7.26,6.95,7.27,6.9,239449.0,002629
992,2018-05-15,6.9,6.95,7.1,6.71,177457.0,002629
993,2018-05-16,6.91,6.95,7.14,6.84,167369.0,002629
994,2018-05-17,7.02,7.09,7.3,6.65,218780.0,002629
995,2018-05-18,6.96,7.49,7.8,6.86,365832.0,002629
996,2018-05-21,7.5,7.27,7.54,7.15,265422.0,002629
997,2018-05-22,7.2,7.1,7.36,6.95,191026.0,002629
998,2018-05-23,6.96,6.81,7.05,6.79,133280.0,002629
999,2018-05-24,6.65,6.7,6.8,6.55,130250.0,002629
1000,2018-05-25,6.64,6.59,6.74,6.52,73591.0,002629
1001,2018-05-28,6.44,6.15,6.44,6.13,100107.0,002629
1002,2018-05-29,6.18,6.04,6.24,6.0,58563.0,002629
1003,2018-05-30,5.94,5.67,6.0,5.66,75238.0,002629
1004,2018-05-31,5.79,5.8,5.95,5.77,77038.0,002629
1005,2018-06-01,5.73,5.76,5.88,5.67,55225.0,002629
1006,2018-06-04,5.79,5.87,5.92,5.76,42141.0,002629
1007,2018-06-05,5.83,6.0,6.0,5.83,44804.0,002629
1008,2018-06-06,6.0,6.02,6.06,5.91,51415.0,002629
1009,2018-06-07,5.98,5.81,6.01,5.77,44146.0,002629
1010,2018-06-08,5.83,5.78,5.97,5.7,43793.0,002629
1011,2018-06-11,5.66,5.6,5.66,5.47,56099.0,002629
1012,2018-06-12,5.59,5.7,5.73,5.48,43033.0,002629
1013,2018-06-13,5.66,5.68,5.91,5.57,56223.0,002629
1014,2018-06-14,5.69,5.54,5.79,5.53,43955.0,002629
1015,2018-06-15,5.52,5.49,5.64,5.36,34289.0,002629
1016,2018-06-19,5.38,4.94,5.44,4.94,65393.0,002629
1017,2018-06-20,4.87,5.06,5.08,4.5,132033.0,002629
1018,2018-06-21,4.98,4.55,5.02,4.55,98203.0,002629
1019,2018-06-22,4.55,4.68,4.75,4.39,62133.0,002629
1020,2018-06-25,4.85,4.74,5.1,4.74,86638.0,002629
1021,2018-06-26,4.62,4.87,4.92,4.57,50525.0,002629
1022,2018-06-27,5.0,4.94,5.18,4.87,80146.0,002629
1023,2018-06-28,5.0,4.85,5.1,4.83,53764.0,002629
1024,2018-06-29,4.82,4.97,4.99,4.75,49482.0,002629
1025,2018-07-02,5.0,4.84,5.0,4.72,48990.0,002629
1026,2018-07-03,4.7,4.91,4.94,4.64,60221.0,002629
1027,2018-07-04,4.75,4.62,4.82,4.58,64005.0,002629
1028,2018-07-05,4.54,4.43,4.7,4.4,59839.0,002629
1029,2018-07-06,4.4,4.44,4.53,4.28,58612.0,002629
1030,2018-07-09,4.54,4.88,4.88,4.46,64642.0,002629
1031,2018-07-10,4.97,5.06,5.35,4.81,169136.0,002629
1032,2018-07-11,4.86,4.85,4.93,4.76,85151.0,002629
1033,2018-07-12,4.79,4.88,4.98,4.78,77619.0,002629
1034,2018-07-13,4.87,4.92,5.2,4.84,66167.0,002629
1035,2018-07-16,4.8,4.78,4.86,4.65,64001.0,002629
1036,2018-07-17,4.73,4.84,4.85,4.71,33105.0,002629
1037,2018-07-18,4.83,4.75,4.88,4.74,27393.0,002629
1038,2018-07-19,4.74,4.71,4.82,4.68,27347.0,002629
1039,2018-07-20,4.7,4.76,4.8,4.66,25208.0,002629
1040,2018-07-23,4.76,4.9,4.94,4.7,43404.0,002629
1041,2018-07-24,4.85,4.96,5.04,4.83,62163.0,002629
1042,2018-07-25,4.95,5.01,5.03,4.9,44159.0,002629
1043,2018-07-26,4.99,5.13,5.24,4.98,96817.0,002629
1044,2018-07-27,5.08,4.98,5.13,4.97,51946.0,002629
1045,2018-07-30,4.93,4.88,4.98,4.78,43306.0,002629
1046,2018-07-31,4.9,5.37,5.37,4.88,104273.0,002629
1047,2018-08-01,5.47,5.12,5.5,5.1,179819.0,002629
1048,2018-08-02,5.1,5.2,5.3,4.81,139904.0,002629
1049,2018-08-03,5.14,5.35,5.62,5.02,173543.0,002629
1050,2018-08-06,5.14,5.27,5.33,4.82,121212.0,002629
1051,2018-08-07,5.5,5.57,5.8,5.4,245651.0,002629
1052,2018-08-08,5.32,5.49,5.77,5.3,237423.0,002629
1053,2018-08-09,5.3,5.61,5.65,5.2,189268.0,002629
1054,2018-08-10,5.5,5.48,5.56,5.43,91956.0,002629
1055,2018-08-13,5.43,5.42,5.58,5.36,73880.0,002629
1056,2018-08-14,5.42,5.31,5.53,5.31,85498.0,002629
1057,2018-08-15,5.31,5.09,5.36,5.05,75142.0,002629
1058,2018-08-16,4.99,4.91,5.05,4.81,59106.0,002629
1059,2018-08-17,5.0,4.77,5.03,4.77,55607.0,002629
1060,2018-08-20,4.79,4.72,4.81,4.62,51635.0,002629
1061,2018-08-21,4.75,4.78,4.81,4.69,46621.0,002629
1062,2018-08-22,4.79,4.82,5.12,4.77,68499.0,002629
1063,2018-08-23,4.88,4.88,5.04,4.85,53279.0,002629
1064,2018-08-24,4.82,4.74,4.87,4.74,49620.0,002629
1065,2018-08-27,4.7,4.81,4.82,4.69,47828.0,002629
1066,2018-08-28,4.78,4.86,4.94,4.73,64384.0,002629
1067,2018-08-29,4.82,4.79,4.84,4.77,27602.0,002629
1068,2018-08-30,4.78,4.65,4.84,4.65,34549.0,002629
1069,2018-08-31,4.64,4.64,4.71,4.62,31744.0,002629
1070,2018-09-03,4.63,4.64,4.68,4.53,33404.0,002629
1071,2018-09-04,4.62,4.7,4.79,4.62,39046.0,002629
1072,2018-09-05,4.65,4.57,4.68,4.53,55528.0,002629
1073,2018-09-06,4.59,4.62,4.72,4.59,46616.0,002629
1074,2018-09-07,4.62,4.74,4.74,4.59,51447.0,002629
1075,2018-09-10,4.71,4.68,4.73,4.62,35420.0,002629
1076,2018-09-11,4.69,4.85,4.89,4.62,92790.0,002629
1077,2018-09-12,4.87,4.83,4.96,4.77,66897.0,002629
1078,2018-09-13,4.86,5.31,5.31,4.8,199330.0,002629
1079,2018-09-14,5.4,5.03,5.4,5.03,225691.0,002629
1080,2018-09-17,5.03,5.13,5.19,4.95,152458.0,002629
1081,2018-09-18,4.99,5.12,5.13,4.97,100765.0,002629
1082,2018-09-19,5.11,5.2,5.34,5.06,157111.0,002629
1083,2018-09-20,5.17,5.13,5.17,5.04,92607.0,002629
1084,2018-09-21,5.1,5.06,5.11,5.01,74926.0,002629
1085,2018-09-25,5.13,5.11,5.33,5.1,95368.0,002629
1086,2018-09-26,5.05,5.22,5.28,5.0,135491.0,002629
1087,2018-09-27,5.16,5.06,5.18,5.05,76617.0,002629
1088,2018-09-28,5.08,5.03,5.16,5.03,54840.0,002629
1089,2018-10-08,5.01,5.0,5.18,4.95,82339.0,002629
1090,2018-10-09,5.11,5.5,5.5,5.09,165175.0,002629
1091,2018-10-10,5.7,6.05,6.05,5.7,572313.0,002629
1092,2018-10-11,5.74,5.45,5.87,5.45,466584.0,002629
1093,2018-10-12,5.19,5.3,5.37,5.02,369701.0,002629
1094,2018-10-15,5.22,4.85,5.27,4.83,319311.0,002629
1095,2018-10-16,4.79,4.87,5.0,4.75,212656.0,002629
1096,2018-10-17,4.94,4.64,4.94,4.42,220188.0,002629
1097,2018-10-18,4.59,4.18,4.59,4.18,180031.0,002629
1098,2018-10-19,4.12,4.19,4.22,3.95,129105.0,002629
1099,2018-10-22,4.07,4.42,4.48,4.01,206062.0,002629
1100,2018-10-23,4.37,4.28,4.4,4.21,124868.0,002629
1101,2018-10-24,4.21,4.24,4.31,4.16,84414.0,002629
1102,2018-10-25,4.13,4.19,4.19,4.01,88432.0,002629
1103,2018-10-26,4.21,4.17,4.27,4.17,88886.0,002629
1104,2018-10-29,4.13,4.05,4.18,4.02,59169.0,002629
1105,2018-10-30,4.01,3.9,4.05,3.67,158394.0,002629
1106,2018-10-31,3.86,4.29,4.29,3.84,224934.0,002629
1107,2018-11-01,4.27,4.23,4.32,4.13,197663.0,002629
1108,2018-11-02,4.19,4.3,4.43,4.19,190265.0,002629
1109,2018-11-05,4.27,4.48,4.5,4.24,199797.0,002629
1110,2018-11-06,4.4,4.39,4.43,4.32,128184.0,002629
1111,2018-11-07,4.36,4.33,4.42,4.28,109181.0,002629
1112,2018-11-08,4.34,4.35,4.5,4.33,141139.0,002629
1113,2018-11-09,4.34,4.37,4.41,4.25,98995.0,002629
1114,2018-11-12,4.38,4.54,4.59,4.38,162596.0,002629
1115,2018-11-13,4.47,4.65,4.71,4.4,205599.0,002629
1116,2018-11-14,4.99,4.67,5.12,4.63,317580.0,002629
1117,2018-11-15,4.76,4.75,4.85,4.58,232950.0,002629
1118,2018-11-16,4.63,4.71,4.73,4.6,198556.0,002629
1119,2018-11-19,4.65,4.69,4.7,4.59,139266.0,002629
1120,2018-11-20,4.61,4.49,4.61,4.47,132103.0,002629
1121,2018-11-21,4.4,4.51,4.51,4.37,81918.0,002629
1122,2018-11-22,4.52,4.54,4.62,4.48,92811.0,002629
1123,2018-11-23,4.5,4.2,4.52,4.17,117757.0,002629
1124,2018-11-26,4.19,4.15,4.25,4.02,63290.0,002629
1125,2018-11-27,4.2,4.2,4.26,4.15,53514.0,002629
1126,2018-11-28,4.23,4.26,4.27,4.1,53678.0,002629
1127,2018-11-29,4.29,4.14,4.39,4.14,76016.0,002629
1128,2018-11-30,4.14,4.22,4.28,4.1,75550.0,002629
1129,2018-12-03,4.38,4.38,4.48,4.31,105357.0,002629
1130,2018-12-04,4.42,4.5,4.51,4.38,132765.0,002629
1131,2018-12-05,4.38,4.44,4.58,4.35,125160.0,002629
1132,2018-12-06,4.48,4.31,4.49,4.29,84898.0,002629
1133,2018-12-07,4.27,4.3,4.32,4.25,55574.0,002629
1134,2018-12-10,4.48,4.32,4.48,4.27,69557.0,002629
1135,2018-12-11,4.27,4.27,4.3,4.2,57167.0,002629
1136,2018-12-12,4.31,4.28,4.32,4.26,42496.0,002629
1137,2018-12-13,4.29,4.32,4.39,4.22,70181.0,002629
1138,2018-12-14,4.32,4.13,4.32,4.11,78146.0,002629
1139,2018-12-17,4.29,4.15,4.31,4.09,42007.0,002629
1140,2018-12-18,4.12,4.1,4.15,4.03,45805.0,002629
1141,2018-12-19,4.08,4.05,4.11,4.03,34464.0,002629
1142,2018-12-20,4.04,4.08,4.1,4.02,29788.0,002629
1143,2018-12-21,4.07,4.06,4.08,4.03,30631.0,002629
1144,2018-12-24,4.06,4.06,4.07,4.03,32666.0,002629
1145,2018-12-25,4.04,3.93,4.04,3.82,58228.0,002629
1146,2018-12-26,3.93,3.96,4.1,3.93,33682.0,002629
1147,2018-12-27,4.13,4.02,4.2,4.01,103729.0,002629
1148,2018-12-28,3.92,3.92,4.1,3.85,62350.0,002629
1149,2019-01-02,3.97,3.88,3.98,3.87,27948.0,002629
1150,2019-01-03,3.87,3.86,3.92,3.86,28903.0,002629
1151,2019-01-04,3.8,3.92,3.94,3.73,57970.0,002629
1152,2019-01-07,3.96,4.01,4.01,3.91,56215.0,002629
1153,2019-01-08,4.01,4.02,4.07,3.95,68866.0,002629
1154,2019-01-09,4.01,3.98,4.08,3.96,70323.0,002629
1155,2019-01-10,4.02,4.0,4.08,3.98,60081.0,002629
1156,2019-01-11,3.98,4.05,4.06,3.97,49258.0,002629
1157,2019-01-14,4.04,3.98,4.06,3.97,43465.0,002629
1158,2019-01-15,3.99,4.04,4.05,3.98,35417.0,002629
1159,2019-01-16,4.03,4.03,4.05,4.01,34645.0,002629
1160,2019-01-17,4.03,3.93,4.03,3.91,48753.0,002629
1161,2019-01-18,3.95,3.97,3.98,3.91,31784.0,002629
1162,2019-01-21,3.98,4.04,4.16,3.97,68481.0,002629
1163,2019-01-22,4.08,3.9,4.08,3.89,65021.0,002629
1164,2019-01-23,3.87,3.92,3.95,3.86,36242.0,002629
1165,2019-01-24,3.91,3.9,3.94,3.87,31479.0,002629
1166,2019-01-25,3.91,3.79,3.93,3.78,48558.0,002629
1167,2019-01-28,3.79,3.8,3.86,3.78,33268.0,002629
1168,2019-01-29,3.8,3.62,3.8,3.46,71029.0,002629
1169,2019-01-30,3.61,3.52,3.61,3.52,26596.0,002629
1170,2019-01-31,3.17,3.17,3.37,3.17,125982.0,002629
1171,2019-02-01,3.18,3.26,3.3,3.17,58765.0,002629
