X,Y,RCLC1,RCLC2,RCLC3,RCLC4
34.66,35.65,69.45,71.15,72.4,73.2
34.78,35.62,71.58,73.18,74.27,75.06
36.1,36.65,71.42,73.3,74.69,75.62
37.69,36.92,71.97,73.93,75.37,76.33
39.13,36.5,71.94,73.87,75.21,76.13
39.5,37,70.93,72.78,74.08,74.91
40,39.19,70.6,72.61,74.08,75.04
40,39.38,69.45,71.35,72.77,73.73
40.05,39.46,70.16,72.01,73.36,74.24
40.05,39.46,70.52,72.48,73.87,74.75
40.08,39.38,67.51,69.6,71.06,72
39.91,39.54,66.75,68.81,70.24,71.22
39.63,40.69,69.19,71.09,72.3,73.17
39.69,41.31,72.42,73.83,74.79,75.56
39.09,46.81,72.54,72.91,73.77,74.52
38.34,48.5,73.89,74.82,75.48,76.13
37.38,49.35,74.37,75.08,75.75,76.38
35.19,49.13,72.05,72.78,73.51,74.15
33.13,47.77,71.43,72.19,72.98,73.68
31.72,45.38,72.49,73.14,73.87,74.53
30.78,44.73,72.74,73.46,74.16,74.78
30.77,43.35,68.05,68.72,69.45,70.13
30.53,39.12,68.05,68.68,69.33,69.96
30.5,38.69,67.96,68.55,69.15,69.73
30.69,38.46,68.02,68.55,69.08,69.63
30.67,38.23,71.1,71.59,72,72.45
30.77,38.42,71.31,71.82,72.21,72.62
30.5,38.69,71.94,72.27,72.61,72.97
30.44,39.08,69.29,69.72,70.2,70.68
30.31,40.19,68.86,69.37,69.86,70.37
30.44,40.19,70.93,71.3,71.69,72.14
30.53,40,72.51,72.87,73.25,73.65
31.22,40,72.47,72.94,73.43,73.93
33.75,40.38,72.04,72.49,73.04,73.61
35.15,40.77,69.71,69.93,70.41,70.94
38.63,41.92,71.55,71.76,72.22,72.69
40.38,42.77,68.97,69.51,70.06,70.6
40.91,43.27,65.89,66.38,66.93,67.49
40.63,43.88,66.02,66.42,66.9,67.4
40.22,45,66.84,67.17,67.64,68.13
39.44,45.77,66.71,67.08,67.53,68.01
38.47,46.54,70.61,70.94,71.31,71.71
38.36,45.96,70.82,71.2,71.63,72.07
38.5,45.67,69.95,70.33,70.78,71.23
38.97,45.27,70.41,70.61,70.98,71.37
38.84,45.19,70.88,71.14,71.52,71.92
39.06,44.62,69.57,69.88,70.34,70.8
38.64,44.81,71.69,72.14,72.72,73.28
38.33,44.81,71.77,72.25,72.84,73.43
37.75,44.17,73.27,73.74,74.28,74.84
37.59,44.46,74.15,74.71,75.29,75.89
37.77,44.77,75.18,75.6,76.12,76.68
41.56,46.23,77.58,78.08,78.59,79.13
43.25,46.42,78.53,79.02,79.5,80.04
44.68,46.92,79.61,79.96,80.43,80.96
45.23,46.96,79.09,79.12,79.68,80.26
46.94,49.23,81.37,81.96,82.58,83.06
47.94,50.58,81.19,81.84,82.48,82.99
47.86,50.46,80.5,81.19,81.87,82.43
46.97,50.19,78.68,79.37,80.04,80.58
46.78,50.88,79.55,80.15,80.75,81.26
47.19,52.27,77.46,78.06,78.65,79.14
47.09,58.17,79.87,80.4,80.95,81.43
47.09,58.27,77,77.64,78.27,78.79
46.39,56.35,78.13,78.82,79.51,80.12
43.42,54.27,79.6,80.26,80.92,81.54
42.67,53.92,80.4,81.07,81.74,82.36
42.3,51.54,79.62,80.28,80.93,81.55
39,50.33,77.43,78.09,78.75,79.39
35.88,49.79,79.43,80.07,80.72,81.36
37.94,51.73,79.05,79.64,80.27,80.89
44,54.62,79.28,79.92,80.59,81.25
46.39,56.92,76.94,77.65,78.39,79.13
49.13,59.04,76.35,77.03,77.75,78.48
50.41,59.54,78.9,79.53,80.22,80.93
50.22,59.31,79.14,79.72,80.44,81.16
52.5,59.5,79.58,80.1,80.82,81.57
52.56,60.19,77.46,78.05,78.84,79.63
52.55,64.12,76.72,77.47,78.3,79.11
50.75,64.42,77.56,78.5,79.33,80.07
50.34,63.5,76.02,77.19,78.18,78.96
49.45,61.33,77.96,79.19,80.23,81.03
49.14,60.75,76.05,77.36,78.5,79.38
48.75,60.77,77.28,78.66,79.84,80.74
49.63,60.19,78.37,79.77,80.94,81.84
53.97,64.73,76.6,78.17,79.45,80.44
56.25,66,76.46,78.21,79.65,80.76
56.59,65,75.47,77.25,78.72,79.84
56.59,65,73.93,75.91,77.55,78.75
57.22,65,72.62,74.62,76.14,77.24
56.97,62,70.67,72.55,73.92,74.9
57.3,60.92,70.54,72.32,73.68,74.64
56.91,60.5,69.87,71.95,73.54,74.63
56.94,59.27,69.51,71.86,73.46,74.56
57.75,59.04,70.69,72.69,73.93,74.84
58.61,59.5,72.66,74.38,75.32,76.09
60.11,60.77,72.65,74.08,74.89,75.56
60.33,61.15,73.36,74.42,75.23,75.99
59.63,60.19,72.47,73.72,74.55,75.32
59.02,60.5,74.4,75.06,75.74,76.36
58.67,61.38,76.67,77.25,77.86,78.43
58.91,61.09,78.05,78.66,79.32,79.86
70.08,84.79,81.51,82.12,82.65,83.12
69.86,87.17,81.77,82.41,82.99,83.52
70.62,90.69,83.18,83.75,84.31,84.86
80.81,92.88,82.66,83.19,83.75,84.29
95.63,100.17,82.75,83.3,83.87,84.47
101.81,102.1,82.52,83.01,83.55,84.14
105.25,105.23,80.79,81.17,81.7,82.28
118.13,115.46,79.65,80.04,80.6,81.21
121.25,134.62,79.39,79.88,80.47,81.11
121.81,135.38,78,78.37,78.97,79.64
126.41,134.62,79.02,79.32,79.81,80.4
125.84,133.85,77.62,77.74,78.23,78.85
120.31,128.65,76.08,76.53,77.13,77.74
113.42,118.96,74.54,74.92,75.46,76.05
109.69,112.69,75.26,75.69,76.27,76.84
112.3,101.35,74.71,75.15,75.73,76.29
114.48,94.92,73.67,74.15,74.75,75.32
117.41,94.62,73.64,74.07,74.64,75.18
117.28,91.35,72.89,73.35,73.95,74.53
111.09,86.73,74.43,74.91,75.52,76.11
109,83.08,77.23,77.72,78.34,78.91
100.63,80.96,76.98,77.43,78.05,78.64
91.72,78.85,73.14,73.54,74.14,74.74
86.67,76.92,71.19,71.52,71.95,72.45
80.45,74.04,71.89,72.29,72.76,73.26
73.44,73.08,73.75,74.2,74.71,75.24
71.59,72.69,74.52,74.89,75.34,75.83
67.75,71.35,75.28,75.72,76.23,76.73
66.09,70.77,74.13,74.5,75.03,75.57
66.43,70.37,77.01,77.42,77.92,78.42
65.05,71.04,77.33,77.73,78.22,78.71
63.22,71.35,79.06,79.42,79.85,80.27
67.97,74.62,79.81,80.06,80.45,80.85
74.56,77.69,80.16,80.31,80.72,81.13
77.66,82.69,78.86,79.29,79.74,80.17
81.67,87.6,80,80.38,80.78,81.17
81.59,90.19,78.17,78.53,78.9,79.27
76.94,92.69,79.66,80.01,80.37,80.71
77.19,90.77,78.7,79.08,79.48,79.86
77.53,89.42,79.68,80.06,80.44,80.81
77.66,90.77,80.87,81.26,81.64,82
78.38,95,80.21,80.63,81.1,81.54
79.36,94.81,81.5,81.92,82.37,82.82
79.64,94.65,81.87,82.31,82.78,83.25
80.5,94.42,81.49,81.86,82.3,82.75
85.94,94.42,82.09,82.43,82.79,83.19
86.62,91.54,82.11,82.43,82.78,83.18
85.85,90.77,81.24,81.54,81.88,82.25
85.47,87.88,79.8,80.08,80.43,80.8
92.44,83.92,81.7,81.97,82.31,82.65
94.23,81.92,82.93,83.21,83.56,83.89
95.8,79.42,82.2,82.54,82.94,83.34
92.19,79.23,80.68,80.97,81.36,81.77
88.98,79.42,81.25,81.6,81.97,82.38
82.47,80.81,81.91,82.25,82.63,82.96
78.63,79.81,80.61,81.01,81.44,81.81
77.34,79.04,80.53,80.99,81.46,81.83
77.03,77.69,80,80.47,80.96,81.33
76.59,77.23,82.17,82.59,83.02,83.32
74.9,75.58,82.37,82.77,83.17,83.46
76.59,75.65,83.76,84.18,84.57,84.84
83.24,76.13,84.87,85.34,85.78,86.11
85.6,76.81,86.84,87.15,87.65,88.02
88.73,78.73,85.88,86.51,87.17,87.69
94.53,81.73,85.39,86.03,86.75,87.34
95.32,82.5,84.92,85.63,86.52,87.25
97.12,82.98,84.34,85.28,86.41,87.27
97.02,83.25,84.05,85.11,86.16,86.87
96.99,83.52,85.84,86.73,87.71,88.33
96.7,84.38,85.51,86.75,88.07,88.9
96.89,85.65,83.24,84.67,86.22,87.15
96.67,88.27,81.45,83.13,84.62,85.54
96.63,94.42,83.45,83.85,85.25,86.14
95.01,95.96,83.68,85.63,86.75,87.51
94.86,104.33,83.7,85.64,86.85,87.63
97.05,104.9,85.12,87.04,88.3,89.07
95.27,108.08,84.2,86.47,87.95,88.82
92.22,108.46,82.44,85,86.77,87.76
91.48,109.23,83.22,85.67,87.29,88.19
90.17,108.46,85.17,87.25,88.51,89.25
90.11,109.04,86.15,88.36,89.68,90.41
89.33,108.65,82.74,85.76,87.26,88.15
88.73,108.73,79.97,82.99,84.56,85.47
87.27,105.27,77.11,80.18,81.8,82.7
82.35,98.27,75.11,78.51,80.22,81.22
79.78,91.15,76.8,80.52,82.17,83.17
73.66,87.88,76.37,80.22,82.18,83.27
71.02,86.15,75.65,80.15,82.55,83.74
70.38,89.04,74.4,78.99,81.43,82.7
71.41,94.42,71.61,75.43,77.67,78.98
71.93,95.83,70.08,73.22,75.06,76.17
71.95,93.08,69.41,72.7,74.39,75.48
71.16,89.04,69.87,72.48,73.78,74.7
70.4,89.23,68.01,70.8,71.96,72.79
70.32,91.35,70.04,71.67,72.75,73.55
69.97,90.38,70.21,71.62,72.59,73.33
68.92,88.38,68.75,70.1,71.04,71.76
68.86,86.92,71.51,72.54,73.36,74.02
68.67,86.92,74.55,75.62,76.5,77.18
70.33,86.92,73.97,75.16,76.12,76.88
78.72,87.88,72.58,73.9,74.9,75.71
82.34,88.35,72.86,74.5,75.76,76.67
89.56,87.88,74.61,76.05,77.11,77.99
90.99,87.69,71.51,72.8,73.77,74.64
90.14,87.38,71.44,72.77,73.85,74.78
88.78,86.62,71.99,73.06,73.98,74.78
91.95,86.92,74.38,75.44,76.33,77.03
103.48,88.27,75.48,76.68,77.6,78.32
105.7,90.31,73.78,75.34,76.51,77.36
105.47,91.92,75.12,76.28,77.16,77.93
107.09,92.98,76.94,77.91,78.71,79.42
108.88,94.33,77.67,78.72,79.6,80.3
108.94,94.23,76.79,78.04,79.12,79.99
108.7,93.73,77.18,78.26,79.18,79.92
107.53,92.96,77.82,78.61,79.48,80.21
100.47,85.67,77.21,77.85,78.66,79.36
93.91,83.08,76.35,77.03,77.65,78.28
89.38,82.5,76.51,77.15,77.66,78.19
86.73,80.96,78.86,79.43,79.9,80.38
79.66,78.38,78.25,78.9,79.48,80.04
70.96,75.27,75.94,76.57,77.1,77.61
67.47,71.35,75.63,76.16,76.6,77.05
66.27,71.44,72.95,73.46,73.93,74.45
65,68.69,72.14,72.6,73.06,73.59
63.92,65.35,71.98,72.51,73.06,73.67
62.89,62.08,74.07,74.64,75.19,75.8
57.95,60.77,75.44,76.03,76.58,77.2
56.08,58.67,76.09,76.63,77.07,77.62
50.87,58.6,74.95,75.44,75.87,76.42
50.41,56.54,77.15,77.59,77.98,78.53
61.53,57.96,77.04,77.45,77.79,78.29
62.64,58.81,76.62,77.01,77.38,77.91
60.75,58.65,76.01,76.38,76.8,77.36
58.7,58.5,76.54,76.9,77.29,77.82
57.33,59.46,77.44,77.58,77.92,78.39
57.19,62.88,76.56,77,77.56,78.09
55.53,61.25,79.3,79.64,80.12,80.57
55.07,60,78.98,79.34,79.83,80.31
55.91,60,78.98,79.37,79.86,80.35
56.56,59.81,77.5,77.9,78.41,78.91
54.77,59.35,76.99,77.44,78.03,78.59
50.69,58.42,78.36,78.83,79.43,79.99
49.53,57.12,78.95,79.39,79.95,80.51
49,57.12,81.34,81.76,82.3,82.82
47.84,56.12,82.55,82.99,83.53,84.05
47.18,49.19,82.47,82.91,83.46,83.98
47.34,48.23,82.01,82.45,83,83.53
47.21,55.58,80.7,81.18,81.77,82.35
47.14,56.73,81.48,81.95,82.56,83.17
47.91,57.04,80.25,80.71,81.31,81.96
55.09,58.08,78.02,78.49,79.13,79.78
56.31,57.69,75.74,76.15,76.73,77.31
58.86,58.85,75.39,75.77,76.36,76.94
60.3,59.69,75.24,75.6,76.25,76.88
59.31,58.15,75.77,76.16,76.95,77.75
58.41,57.92,75.42,75.78,76.51,77.3
53.34,56.35,74.43,74.77,75.42,76.15
50.74,55.48,73.46,73.82,74.46,75.22
50.43,55.02,73.1,73.73,74.5,75.19
49.63,54.31,71.63,72.36,73.22,73.97
49.08,52.19,72.52,73.24,74.11,74.87
49,51.12,73.36,74.22,75.19,76.04
48.78,50.85,75.17,76.21,77.3,78.15
48.84,47.21,71.92,73.54,75.1,76.19
49.09,47.27,73.91,75.36,76.86,77.9
49.09,47.5,75.02,76.24,77.49,78.43
48.72,47.46,74.6,75.97,77.29,78.25
47.63,47.42,74.09,75.85,77.47,78.73
47.22,46.08,74.67,76.37,77.91,79.04
47.13,47.1,74.25,75.79,77.23,78.27
47.23,47.23,76.45,77.37,78.26,79
46.78,47.31,77.19,78.03,78.87,79.65
47.19,47.08,76.8,77.83,78.83,79.74
47.38,47.5,76.02,77.12,78.4,79.43
47.5,47.69,74.57,75.74,77.19,78.33
47.38,48.65,73.66,74.92,76.67,78.08
47.62,48.44,74.86,76.19,77.8,79.09
47.49,48.42,73.52,74.97,76.65,77.99
47.49,48.23,74.71,76.3,77.63,78.56
47.46,48.27,75.18,76.54,77.7,78.57
47.49,48.27,76.49,77.65,78.62,79.41
47.23,48.58,76.52,77.5,78.35,79.07
47.03,48.5,76.18,77.41,78.4,79.17
47.12,48.77,77.86,79.09,80.15,80.97
46.42,48.65,79.97,80.95,81.81,82.58
45.99,48.5,81.58,82.5,83.28,83.95
45.94,48,81.47,82.2,82.88,83.5
45.47,48.38,82.82,83.64,84.39,85.01
44.92,50.77,83.23,83.99,84.77,85.38
44.2,61.48,81.67,82.38,83.16,83.77
44,62.02,82.66,83.35,84.04,84.58
44.32,61.88,81.33,83.01,83.88,84.5
44.86,61.23,81.67,82.45,83.32,83.98
45.42,60.35,83.36,83.74,84.49,85.09
45.39,58.23,82.69,83.36,84.04,84.59
45.39,53.46,81.25,81.93,82.61,83.17
45.58,53.08,83.08,83.8,84.49,85.07
45.14,53.35,79.49,80.16,80.88,81.53
44.74,52.04,81.77,82.54,83.26,83.84
44.25,52.02,80.56,81.33,81.94,82.46
44.5,52.4,81.69,82.45,83.06,83.56
44.83,52.08,82.52,83.21,83.76,84.22
44.79,51.67,82.55,83.2,83.74,84.2
51.53,50.77,81.94,82.67,83.28,83.79
55.91,54.04,82.18,82.94,83.57,84.08
66.41,56.06,81.43,82.15,82.73,83.21
73.62,56.52,82.95,83.67,84.24,84.71
82.06,56.75,83.9,84.56,85.09,85.52
82.21,54.57,84.69,85.35,85.89,86.37
77.44,53.86,86.49,87.16,87.66,88.1
75.82,53.98,86.85,87.48,87.97,88.42
76.25,54.79,87.06,87.71,88.22,88.69
74.91,56.39,86.72,87.35,87.85,88.32
69.94,58.02,87.81,88.29,88.68,89.05
61.62,60.54,87.81,88.28,88.69,89.07
62.88,67.5,84.88,85.34,85.8,86.22
62.85,72.86,84.86,85.29,85.84,86.31
62.79,72.5,82.34,82.84,83.44,83.96
63.14,75.89,80.44,81.04,81.71,82.29
69.09,78.93,81.85,82.42,83.08,83.64
71.81,78.75,81.51,81.98,82.58,83.07
71.65,77.32,81.74,82.33,82.83,83.19
67.1,70.71,81.25,81.83,82.35,82.74
64.81,69.04,83.86,84.43,84.94,85.32
61.5,69.4,83.76,84.35,84.87,85.22
57.78,67.43,85.73,86.27,86.73,87.07
57.12,72.14,84.11,84.65,85.08,85.38
55.35,71.07,86.75,87.25,87.63,87.91
55.26,71.25,88,88.42,88.75,88.96
58.24,71.5,89.19,89.59,89.87,90.02
59,73.39,89.38,89.74,89.98,90.11
57.88,72.21,88.69,89.22,89.67,89.97
56.59,71.25,88.28,88.82,89.29,89.63
55.18,69.18,88.37,88.88,89.34,89.68
54.34,68.05,87.79,88.31,88.79,89.17
53.91,67.82,88.61,89.14,89.63,90.01
52.52,67.5,88.28,88.84,89.43,89.87
51.34,66.43,88.62,89.24,89.89,90.38
52.85,67.21,87.7,88.4,89.18,89.79
56.15,67.5,88.02,88.6,89.37,89.95
60.27,73.93,88.81,89.37,90.16,90.8
66.57,75,89.82,90.64,91.27,91.72
69.31,75.89,90.48,91.21,91.81,92.25
69.32,76.79,91.51,92.16,92.69,93.1
49.97,58.39,89.38,90.42,91.32,92.07
49.57,58.32,90.3,91.42,92.39,93.23
49.85,54.93,88.38,89.75,90.9,91.84
49.69,53.18,88.03,89.22,90.17,90.98
48.59,51.86,89.25,90.58,91.67,92.58
47.7,51.07,91.11,92.36,93.38,94.23
47.4,51.04,91.86,92.87,93.74,94.48
46,50.54,91.4,92.3,93.21,94
45.32,50.07,91.54,92.57,93.56,94.43
46.31,49.5,91.38,92.31,93.33,94.24
47,49.36,90.86,91.81,92.98,93.99
47.03,49.32,88.86,89.59,90.96,92.18
46.91,49.45,89.11,90.63,92.04,93.07
46.66,49.63,87.87,89.53,91.02,92.07
46.32,49.59,86.19,87.88,89.43,90.57
46.35,49.16,87.33,89.35,91.11,92.39
44.57,49.36,85.64,88.29,90.45,91.91
45.11,49.39,89.34,91.68,93.43,94.64
45.9,49.7,92.19,94.28,95.82,96.78
46.67,50,90.77,93.5,95.42,96.52
47.93,50.58,90.86,93.68,95.78,97.01
49.46,50.61,90.54,93.24,95.37,96.66
49.85,51.07,89.03,91.85,94,95.32
53.59,52.32,87.48,90.64,93.16,94.7
57,55.64,86.94,90.24,93.12,94.89
62.31,57.93,86.71,90.1,93.19,95.13
67.38,58.75,86.73,89.94,92.92,94.68
76.03,59.82,85.58,89.13,92.35,94.14
79.74,61.96,84.81,88.73,92.26,94.24
82,69.11,84.32,87.57,90.86,92.68
81.21,69.64,84.99,87.84,90.96,92.82
79.18,68.93,86.36,88.84,91.18,92.74
78,68.39,86.2,89.71,92.31,93.82
67.12,62.21,93.57,95.42,96.8,97.65
63.53,59.82,98.1,99.82,100.64,101.22
59.71,58.21,97.28,98.74,99.44,100.05
58.97,62.04,97.88,99.36,100.08,100.69
57.79,62.68,96.97,98.64,99.44,100.11
57.94,63.75,99.63,101.4,102.17,102.75
60.1,70,102.23,103.48,104.03,104.47
63.25,79.82,101.91,103.09,103.77,104.25
64.7,79.11,104.42,105.61,106.17,106.52
64.75,79.46,105.44,106.73,107.28,107.67
69.22,78.93,105.02,105.95,106.48,106.86
70.49,79.29,104.38,105.61,106.3,106.82
69.98,79.39,102.7,103.92,104.52,104.95
69.36,79.75,101.16,102.35,102.95,103.46
68.91,79.39,101.19,102.19,102.79,103.32
67.05,79.11,97.18,97.98,98.58,99.13
63.79,76.54,97.98,98.95,99.58,100.15
63.21,76.29,101.42,102.39,103.06,103.6
62.82,76.11,101.07,101.85,102.44,102.95
63.03,75.54,102.33,103.09,103.72,104.28
62.43,73.93,104,104.97,105.52,106
61.24,73.75,105.75,106.21,106.58,106.76
61.12,73.11,105.6,106.11,106.52,106.73
59.86,72.54,105.4,105.94,106.38,106.64
58.36,71.68,103.98,104.56,105.06,105.37
55.69,69.11,104.79,105.32,105.79,106.07
53.03,67.68,104.27,104.84,105.37,105.73
52.09,67.07,106.72,107.24,107.71,107.99
50.72,66.04,107.94,108.5,108.94,109.17
49.79,63.64,108.47,109.05,109.53,109.83
50.06,62.43,108.34,108.99,109.56,109.91
53.21,60.79,108.83,109.48,110.05,110.39
54.83,59.39,110.3,110.88,111.37,111.66
54.86,58.68,112.79,113.37,113.86,114.14
54.53,58.21,109.92,110.57,111.17,111.55
54.41,56.64,106.25,106.97,107.64,108.1
54.15,55.54,107.11,107.71,108.24,108.64
53.76,55.52,108.11,108.7,109.19,109.49
53.31,55.54,109.66,110.22,110.68,110.96
50.09,55.36,107.12,107.69,108.15,108.42
49.92,55.46,108.15,108.28,108.73,108.99
49.66,55.48,111.45,111.91,112.17,112.28
49.63,55.57,112.29,112.75,113.02,113.13
49.1,55.27,112.21,112.71,112.98,113.1
48.72,55.36,112.76,113.28,113.57,113.69
48.24,54.82,112.86,113.34,113.62,113.75
49.06,55.54,111.05,111.56,111.85,111.99
48.82,56.79,109.24,109.73,110,110.17
48.82,57.34,99.8,100.34,100.64,100.85
48.62,57.07,97.18,97.77,98.14,98.42
48.59,56.89,102.55,103.1,103.47,103.73
48.88,56.93,103.88,104.47,104.87,105.18
48.68,57.88,98.21,98.77,99.12,99.37
49.06,57.88,98.97,99.48,99.85,100.14
49.15,57.96,99.65,100.12,100.48,100.79
49.12,58.11,97.37,97.85,98.25,98.59
48.9,57.93,96.91,97.43,97.84,98.19
49.06,57.04,100.1,100.56,100.89,101.16
49.56,57,98.44,98.93,99.32,99.67
49.97,56.71,99.49,100.1,100.48,100.82
50.68,56.38,97.7,98.14,98.53,98.83
51.65,56.18,99.59,100.06,100.48,100.79
52.03,56.21,101.32,101.82,102.24,102.54
52.32,55.71,100.23,100.82,101.32,101.7
52.21,55.21,100.59,101.16,101.63,102
52.15,55.21,102.7,103.27,103.73,104.09
53.03,55.07,100.29,100.86,101.33,101.72
54.84,55.08,100.4,101,101.49,101.95
55.48,55.43,100.22,100.8,101.3,101.76
55.07,55.61,99.01,99.6,100.11,100.56
54.74,55.93,99.09,99.69,100.23,100.71
57.71,55.54,100.74,101.29,101.78,102.22
58.48,54.82,101.93,102.45,102.91,103.31
58.6,54.61,99.29,99.85,100.4,100.88
58.53,54.48,97.3,97.84,98.36,98.82
58.41,54.41,99.37,99.86,100.31,100.71
58.3,54.36,94.81,95.26,95.71,96.11
58.62,54.29,94.95,95.36,95.77,96.15
58.71,54.21,93.01,93.4,93.84,94.23
59.17,54.04,93.26,93.63,94.07,94.46
59.27,53.57,93.4,94.17,94.6,94.96
59.48,53.21,95.41,95.92,96.35,96.78
58.75,52.82,91.02,91.54,92.04,92.57
55.16,50.71,91.16,91.71,92.23,92.78
52.82,50.27,90.61,91.17,91.7,92.24
51.94,49.73,92.89,93.46,94.01,94.57
51.02,49.82,94.77,95.32,95.84,96.36
49.94,49.46,95.42,95.96,96.5,97.04
49.38,49.75,94.94,95.51,96.06,96.61
49.18,49.82,96.89,97.38,97.87,98.37
49.09,49.66,96.65,97.13,97.57,98.02
49.09,49.68,98.67,99.14,99.59,100.07
49.16,49.46,96.2,96.7,97.19,97.72
49.03,49.46,95.15,95.62,96.11,96.64
49.15,49.68,97.43,97.85,98.27,98.74
49.14,49.57,98.05,98.49,98.9,99.36
49.32,49.64,95.69,96.11,96.55,97.06
49.69,50.36,97.24,97.6,97.99,98.46
49.85,50,95.93,96.25,96.65,97.12
49.88,50.07,97.5,97.86,98.24,98.68
50,50.07,98.14,98.4,98.78,99.22
50.35,50.07,99.13,99.46,99.85,100.25
50.15,50.04,99.87,100.2,100.58,100.94
49.71,49.93,99.2,99.6,100.05,100.48
49.59,49.11,99.59,100.01,100.46,100.88
49.24,48.89,97.4,97.84,98.33,98.82
48.91,48.27,97.44,97.87,98.35,98.82
48.74,48.2,95.7,96.13,96.6,97.08
47.74,48.39,94.89,95.33,95.8,96.27
47.5,48.32,93.79,94.2,94.64,95.08
47.22,48.04,91.93,92.33,92.78,93.24
47.06,47.75,86.63,87.04,87.49,87.96
46.88,47.64,86.88,87.3,87.8,88.29
46.09,47.39,81.31,81.7,82.2,82.7
45.9,47.25,79.3,79.67,80.14,80.61
45.91,47.39,82.89,83.25,83.71,84.14
45.84,47.25,85.72,86.04,86.43,86.82
45.91,47.07,85.38,85.69,86.05,86.44
45.31,47,87.88,88.14,88.47,88.85
45.49,46.86,86.65,86.85,87.18,87.56
45.57,47.11,87.58,87.73,88.05,88.42
46.46,47.36,82.38,82.51,82.83,83.19
46.85,47.36,82.26,82.41,82.77,83.17
46.76,47.39,84.12,84.42,84.69,85.03
47.55,47.32,85.44,85.74,86.11,86.51
47.53,47.32,85.16,85.53,85.94,86.37
47.59,47.32,85.3,85.64,86.02,86.44
47.34,47.36,85.37,85.7,86.06,86.45
47.32,47.38,88.9,89.19,89.5,89.81
47.24,47.36,88.81,89.16,89.57,89.88
46.94,47.29,88.93,89.24,89.62,89.94
46.56,47.07,86.45,86.74,87.13,87.46
45.65,46.63,86.02,86.31,86.7,87.05
45.35,46.59,89.34,89.55,89.86,90.14
45.41,46.57,89.05,89.23,89.49,89.7
45.34,46.3,87.24,87.41,87.68,87.93
45.12,46.2,88.19,88.31,88.46,88.64
44.87,46.13,90.21,90.28,90.39,90.52
44.79,46.02,88.91,89.01,89.16,89.36
44.44,46.63,89.4,89.59,89.81,90.03
44.66,46.88,87.96,88.18,88.44,88.73
45.26,47.18,85.7,85.81,86.03,86.27
45.21,48.5,86.89,86.92,87.17,87.43
45.26,50.43,85.92,86.18,86.46,86.73
44.96,50.64,80.51,80.75,80.99,81.23
44.96,48.68,79.85,80.12,80.4,80.69
44.96,47.5,80.24,80.48,80.73,80.98
43.96,47.29,84.45,84.68,84.94,85.17
42.68,47.14,81.21,81.46,81.73,82
41.65,47.32,82.14,82.34,82.55,82.75
41.44,47.43,79.2,79.33,79.46,79.6
41.46,47.46,77.61,77.83,78.04,78.25
41.59,47.43,75.67,75.87,76.07,76.29
41.63,50.54,79.68,79.83,79.96,80.11
41.59,62.32,82.59,82.8,82.93,83.09
41.41,65.04,82.98,83.17,83.25,83.35
41.24,65,85.41,85.59,85.67,85.77
42.68,61.54,85.81,86.01,86.16,86.37
43.26,59.46,85.57,85.78,85.95,86.14
43.68,58.29,84.23,84.45,84.63,84.85
44.62,57.82,86.8,87,87.1,87.22
45.78,57.18,86.38,86.62,86.8,87
47.59,56.68,88.34,88.53,88.68,88.85
48.32,56.68,86.11,86.29,86.43,86.6
49.56,56.36,85.3,86.07,86.21,86.37
50.91,55.79,87.4,87.47,87.57,87.69
52.24,56.21,91.27,91.14,91.03,90.9
54.44,56.39,93.17,92.93,92.67,92.41
55.61,56.57,90.2,90.18,90.15,90.08
54.97,56.64,93.96,93.82,93.68,93.54
51.18,56.89,93.32,93.24,93.17,93.09
49.03,56.54,93.19,93.08,92.99,92.92
49.07,56.64,92.19,92.05,91.91,91.78
49.52,56.54,92.51,92.35,92.19,92.05
49.09,55.57,94.07,93.91,93.74,93.59
49.18,55.55,94.26,94.19,94.13,94.09
49.71,55.3,95.52,95.45,95.41,95.39
51.79,55.39,96.8,96.7,96.64,96.59
54.85,56.68,95.74,95.64,95.54,95.45
58.21,58.96,97.78,97.68,97.56,97.45
58.59,60,98.99,98.89,98.74,98.63
60.43,60.54,98.14,98.22,98.15,98.1
62.28,61.79,99.37,99.43,99.35,99.27
62.71,61.64,102.59,102.6,102.48,102.38
63.96,61.66,98.82,98.93,98.9,98.89
66.73,62.21,97.41,97.67,97.63,97.62
67.37,62.71,96.92,96.99,97.06,97.09
68.46,62.54,98.01,98.19,98.36,98.46
67.35,62.46,96.17,96.37,96.56,96.7
60.52,61.27,96.77,96.91,97.03,97.05
59.43,60.89,98.21,98.33,98.43,98.45
59.13,60.64,99.79,99.88,99.95,99.91
59.52,63.93,100.36,100.46,100.55,100.56
59.24,62.32,100.2,100.33,100.45,100.49
58.9,61.71,100.96,101.09,101.22,101.25
58.91,60.84,100.99,101.13,101.27,101.34
59,60,101.28,101.45,101.62,101.72
58.66,59.64,100.49,100.68,100.86,101.03
58.53,59.75,98.34,98.54,98.74,98.93
58.28,59.61,99.41,99.6,99.75,99.89
57.74,59.68,97.77,97.99,98.18,98.37
56.65,59.71,100.14,100.32,100.48,100.65
56.88,59.75,94.95,95.14,95.37,95.59
56.81,60.07,93.87,94.07,94.31,94.55
56.88,62.61,93.53,93.75,93.98,94.22
57.45,65.95,93.88,94.05,94.25,94.45
57.79,66.61,97.22,97.24,97.42,97.59
57.78,67.25,98.67,98.85,99.02,99.1
57.98,68,99.53,99.7,99.86,99.93
57.91,68,99.68,99.83,99.98,100.03
49.75,56.5,102.96,103.14,103.32,103.42
49.99,57.36,103.22,103.4,103.6,103.78
50.9,57.61,101.81,102,102.21,102.42
51.61,60.34,101.56,101.78,102.04,102.3
51.56,60.59,101.31,101.52,101.78,102.06
51.64,60.3,102.24,102.44,102.64,102.85
51.66,60.34,100.87,101.09,101.33,101.57
51.78,61.11,99.1,99.31,99.56,99.83
52.91,62.04,98.7,98.88,99.12,99.41
58.1,65.89,100.71,100.87,101.14,101.43
60.79,67.04,100.59,100.76,100.98,101.23
64.75,68.71,100.39,100.54,100.8,101.12
65.37,68.21,98.46,98.33,98.65,99.02
65.09,68.11,99.58,99.86,100.18,100.47
65.1,67.75,98.95,99.29,99.66,99.99
64.84,67.57,99.4,99.73,100.08,100.38
62.61,66.89,99.7,100.04,100.42,100.73
58.68,64.75,99.56,99.91,100.3,100.6
56.91,63.39,98.78,99.12,99.51,99.85
52.82,61.11,98.48,98.85,99.27,99.64
50.16,59.43,97.61,97.99,98.41,98.79
49.18,57.79,96.36,96.74,97.17,97.57
49.04,57.11,97.84,98.23,98.71,99.17
48.88,56.5,96.91,97.41,98.06,98.68
48.66,57.29,98.41,98.82,99.38,99.96
48.65,57.73,98.71,99.1,99.72,100.39
49.06,57.93,99.84,100.24,100.87,101.54
49.12,57.89,98.67,99.03,99.63,100.28
49.38,57.36,100.91,101.29,101.84,102.42
50.72,57.32,100.74,101.08,101.6,102.16
53.53,57.5,101.8,102.14,102.62,103.14
54.41,57.5,102.31,102.64,103.18,103.74
54.62,58.14,103.24,103.6,104.06,104.52
54.41,59.14,105.84,106.25,106.75,107.21
54.62,59.61,106.28,106.78,107.27,107.58
54.26,59.36,107.83,108.25,108.68,108.97
53.16,58.98,109.77,110.18,110.56,110.76
53.41,58.7,108.56,109.02,109.48,109.75
53.46,58.09,106.55,107,107.45,107.78
52.44,57.61,107.07,107.52,107.95,108.25
52.56,57.43,108.84,109.27,109.68,109.93
52.5,57.57,106.7,107.17,107.64,107.96
52.35,57.54,106.72,107.18,107.63,107.94
53.07,57.86,104.7,105.21,105.75,106.16
54.34,59.25,106.16,106.65,107.18,107.62
55.49,60,106.58,107.06,107.56,107.96
55.93,60.2,107.4,107.87,108.33,108.73
57.75,60.75,106.34,106.84,107.34,107.77
58.88,62.5,106.71,107.24,107.78,108.26
63.81,72.14,105.43,105.95,106.48,106.98
65.34,72.93,105.11,105.65,106.22,106.76
65.78,72.61,107.06,107.58,108.07,108.53
65.66,72.46,108.09,108.56,109,109.39
64.47,71.54,105.61,106.07,106.59,107.07
63.15,69.54,107.27,107.75,108.18,108.47
61.8,66.11,105.35,105.84,106.29,106.61
59.77,65.18,106.87,107.35,107.79,108.1
59,65.36,107.03,107.55,108.02,108.36
63.6,66.16,107.33,107.85,108.33,108.67
67.67,66.98,105.41,105.96,106.45,106.81
68.25,67.71,102.78,103.31,103.8,104.17
70.28,68.39,103.02,103.54,104.03,104.4
70.53,69.79,105.23,105.76,106.27,106.67
70.89,69.71,104.01,104.55,105.08,105.51
71,69.29,101.47,102.03,102.61,103.08
70.93,69.62,103.31,103.83,104.35,104.79
70.33,69.04,101.02,101.56,102.11,102.58
69.88,69.11,102.7,103.18,103.66,104.06
67.91,68.75,103.64,104.1,104.57,104.95
66.69,68.25,102.83,103.32,103.8,104.2
66,67.14,102.93,103.37,103.81,104.18
62.88,64.89,104.2,104.64,105.08,105.43
59.03,62.32,102.67,103.12,103.58,103.98
56.72,60.11,102.27,102.72,103.15,103.53
53.37,59.27,103.05,103.88,104.29,104.64
53.63,58.71,103.11,103.55,103.95,104.25
55.88,58.32,103.55,103.96,104.33,104.6
59.91,58.61,104.12,104.5,104.83,105.06
63.94,59.39,104.55,104.94,105.27,105.51
64.63,61.61,104.93,105.32,105.64,105.84
64.88,63.18,104.87,105.26,105.55,105.71
64.08,63.5,106.16,106.5,106.74,106.86
61.36,62.96,105.22,105.58,105.83,105.97
59.84,60.96,102.54,102.92,103.2,103.4
59.47,59.71,98.49,98.88,99.16,99.38
58.75,59.61,97.01,97.37,97.65,97.91
58.53,60.18,96.81,97.15,97.42,97.68
57.28,60,97.08,97.41,97.65,97.89
56.47,59.61,96.13,96.49,96.75,97.02
56.47,59.59,94.78,95.13,95.39,95.67
56.34,61.38,93.98,94.35,94.63,94.93
56.57,65.86,92.81,93.19,93.48,93.78
58.33,66.77,92.56,92.94,93.19,93.44
60.03,67,91.48,91.8,92.08,92.34
59.78,65.64,92.57,92.86,93.14,93.4
58.81,64.36,91.66,91.85,92.15,92.43
57.34,62.32,89.9,90.2,90.5,90.77
56.84,61.14,90.66,90.94,91.22,91.46
55.56,61.07,90.86,91.15,91.44,91.68
54.03,59.93,90.76,91.09,91.42,91.69
51.09,57.89,87.82,88.14,88.45,88.71
49.31,56.32,86.53,86.85,87.17,87.45
49.13,54.57,83.23,83.56,83.89,84.2
48.44,53.04,85.02,85.33,85.64,85.95
46.06,50.61,84.82,85.13,85.44,85.77
44.8,49.57,84.1,84.39,84.69,85.03
41.41,48.96,82.7,83,83.29,83.62
40.94,47.43,83.32,83.62,83.89,84.2
41.19,46.57,82.62,82.92,83.19,83.48
40.42,45.75,83.91,84.22,84.5,84.76
41,45.61,84.03,84.33,84.63,84.9
41.41,45.43,83.27,83.6,83.93,84.23
43.16,45.16,84.03,84.35,84.68,85
43.44,45.04,81.8,81.45,81.84,82.23
43.73,44.85,78.2,78.56,78.95,79.4
42.59,44.57,79.76,80.14,80.51,80.94
41.89,44.84,79.21,79.62,80.01,80.44
41.63,44.86,79.36,79.77,80.18,80.63
41.33,44.77,80.21,80.61,81.01,81.46
40.7,44.91,77.69,78.1,78.53,79.01
40.35,45.83,84.96,85.37,85.76,86.21
38.86,46.89,83.75,84.15,84.54,84.98
37.33,47.09,87.66,88.03,88.39,88.8
35.75,43.75,87.22,87.57,87.94,88.37
35.7,43.66,84.45,84.83,85.21,85.66
35.75,43.34,85.99,86.37,86.74,87.18
35.5,43.04,83.91,84.3,84.69,85.16
34.31,42.79,85.81,86.19,86.56,87.02
33.84,42.77,86.08,86.46,86.8,87.22
33.73,42.48,87.1,87.5,87.85,88.27
33.88,42.32,88.43,88.81,89.16,89.58
33.86,41.77,89.22,89.54,89.87,90.25
33.67,41.7,89.87,90.17,90.47,90.82
33.58,41.69,92.66,92.97,93.23,93.5
33.61,41.64,91.44,91.83,92.1,92.39
33.72,41.64,88.14,88.43,88.73,89.08
33.97,41.5,88.5,88.78,89.08,89.43
34.3,41.64,88.97,89.25,89.57,89.94
34.16,41.43,89.39,89.67,90,90.39
34.13,41.46,90.13,90.42,90.79,91.23
34.34,41.5,89.78,90.06,90.45,90.91
34.38,41.39,88.06,88.34,88.72,89.2
34.13,41.39,88.91,89.17,89.52,89.99
34.03,41,87.13,87.41,87.77,88.26
34.05,41.07,91.4,91.64,91.93,92.33
34.34,41.25,92.2,92.46,92.76,93.15
35.97,41.29,93.67,93.94,94.25,94.64
36.97,41.39,93.35,93.63,93.97,94.39
36.98,41.46,93.36,93.63,93.94,94.35
37.05,41.46,92.87,93.15,93.43,93.83
36.58,41.46,92.73,93.03,93.34,93.76
36.56,41.18,93.43,93.74,94.07,94.46
36.3,41.25,94.33,94.62,94.91,95.27
35.92,41.11,95.6,95.89,96.17,96.51
36.3,41.14,96.01,96.32,96.58,96.91
36.41,41.21,95.97,96.26,96.56,96.91
36.52,41.18,96.68,96.84,97.17,97.55
36.34,41.11,97.26,97.55,97.89,98.3
36,41.04,96.27,96.6,96.98,97.42
35.97,41.07,96.15,96.45,96.79,97.2
36.09,41.07,96.33,96.63,96.96,97.37
35.75,41.07,95.49,95.81,96.14,96.55
35.84,41.14,94.62,94.96,95.31,95.76
35.84,41.11,96.47,96.76,97.07,97.49
37.17,41.14,95.3,95.64,95.98,96.43
38.05,41.58,95.36,95.69,96.03,96.49
39.08,41.89,95.53,95.85,96.16,96.59
39.81,41.93,96.42,96.75,97.06,97.5
39.85,42.18,96.54,96.88,97.21,97.67
39.92,42.14,97.17,97.5,97.82,98.25
39.68,42.18,97.01,97.34,97.66,98.08
39.88,42.43,98.31,98.63,98.92,99.27
39.97,41.85,99,99.33,99.63,99.95
40.14,42.05,96.62,96.95,97.25,97.59
40.05,42.05,95.29,95.62,95.92,96.25
39.66,42.43,91.98,92.3,92.59,92.91
39.59,42.43,91.87,92.42,92.74,93.1
39.52,42.39,92.89,93.21,93.58,93.93
38.59,42.39,91.93,92.25,92.62,93
38.11,42.21,91.37,91.71,92.09,92.47
36.59,41.91,89.98,90.34,90.77,91.18
36.33,41.61,91.85,92.21,92.64,93.05
36.19,41.39,92.19,92.56,93,93.42
36.31,41.25,92.48,92.85,93.28,93.7
36.67,41.32,91.89,92.27,92.71,93.14
35.73,41.32,88.14,88.52,88.97,89.41
35.25,41.25,91.71,92.07,92.48,92.9
35.27,41.43,89.88,90.27,90.71,91.16
35.19,41.39,89.33,89.73,90.18,90.63
35.61,41.39,92.39,92.78,93.25,93.72
35.64,42,91.25,91.64,92.11,92.58
35.63,42.5,92.07,92.5,92.99,93.47
35.77,42.54,91.86,92.28,92.76,93.24
35.81,42.5,91.85,92.32,92.83,93.31
35.81,42.54,92.09,92.54,93.04,93.48
36.13,42.58,92.12,92.59,93.08,93.54
36.2,42.71,92.1,92.53,93.02,93.48
36.25,43.07,90.05,90.44,90.97,91.45
36.94,43.45,88.73,88.65,89.18,89.7
36.81,43.71,86.67,87.23,87.77,88.27
36.58,43.86,85.73,86.29,86.84,87.34
36.56,43.57,86.05,86.6,87.15,87.66
36.73,43.21,86.28,86.8,87.34,87.87
36.38,43,85.54,86.05,86.59,87.13
36.46,43.05,85.68,86.19,86.73,87.28
36.34,42.94,86.24,86.73,87.28,87.83
36.1,42.54,87.09,87.57,88.1,88.65
35.72,42.5,84.86,85.4,86,86.61
35.92,42.46,85.65,86.14,86.73,87.34
35.77,42.38,88.71,89.17,89.73,90.32
36.75,42.41,84.44,84.91,85.51,86.13
37.75,42.79,85.09,85.56,86.14,86.75
40.31,43.43,86.07,86.55,87.16,87.76
40.92,44.32,85.57,86.07,86.7,87.33
45.73,46.43,85.38,85.84,86.48,87.17
48.34,47.8,86.32,86.75,87.31,87.9
49.77,48.86,85.45,85.87,86.44,87.04
49.84,48.93,86.67,86.92,87.47,88.04
55.6,51.43,89.28,89.8,90.33,90.81
55.97,52.68,86.75,87.35,87.98,88.55
55.59,52.36,87.38,87.98,88.61,89.19
55.08,52.6,88.28,88.9,89.56,90.16
54,52.36,87.74,88.37,89.02,89.59
52.28,51.88,87.18,87.81,88.47,89.05
48.92,50.64,86.49,87.13,87.8,88.37
47.94,49.86,88.07,88.66,89.29,89.84
47.81,49.75,88.91,89.49,90.13,90.68
47.75,49.64,89.09,89.69,90.34,90.92
47.77,49.71,88.5,89.08,89.72,90.3
47.44,49.82,87.88,88.47,89.14,89.75
47.47,49.64,86.26,86.85,87.51,88.12
46.84,49.82,85.93,86.5,87.15,87.75
45.95,49.82,85.56,86.1,86.73,87.34
45.97,49.79,85.79,86.32,86.94,87.55
45.86,49.71,86.77,87.31,87.89,88.44
46.73,49.71,85.89,86.44,87.02,87.55
46.83,49.86,86.73,87.25,87.82,88.39
47.48,50.11,87.2,87.67,88.17,88.65
48.19,50.46,87.93,88.4,88.92,89.43
49.09,50.75,89.51,89.98,90.46,90.96
48.88,51.32,90.13,90.69,91.23,91.71
48.56,51.11,88.66,89.23,89.81,90.33
48.33,50.75,88.61,89.17,89.74,90.27
42.65,45.7,93.12,93.55,93.97,94.33
42.83,45.83,92.92,93.34,93.76,94.12
43.08,45.64,93.09,93.51,93.91,94.21
43.2,45.79,93.19,93.63,94.02,94.33
42.92,45.68,93.15,93.6,94.02,94.38
42.64,45.61,93.1,93.56,93.99,94.38
42.63,45.39,93.82,94.27,94.65,94.97
42.7,45.36,93.56,93.99,94.35,94.66
42.16,45.12,94.14,94.59,94.97,95.31
42.05,44.76,93.28,93.72,94.09,94.39
42.02,44.75,94.24,94.68,95.05,95.32
40.58,44.11,95.49,95.94,96.31,96.58
40.09,43.79,95.56,96.04,96.43,96.74
36.81,41.96,96.24,96.68,97.07,97.4
34.72,38.79,95.23,95.75,96.21,96.54
32.04,37.9,95.95,96.45,96.9,97.25
30.98,37.41,95.88,96.33,96.75,97.08
30.44,37.11,96.44,96.87,97.26,97.58
30.44,36.96,97.57,97.99,98.35,98.64
31.06,36.82,97.94,98.38,98.77,99.06
31.23,37.68,97.49,97.96,98.41,98.77
31.31,38.68,97.77,98.24,98.66,99.02
31.89,38.75,96.17,96.66,97.1,97.49
31.8,38.73,96.64,97.11,97.54,97.94
31.74,38.59,96.62,97.09,97.55,97.97
31.25,38.38,95.83,96.35,96.88,97.35
31.19,38.38,95.72,96.27,96.83,97.32
31.29,38.63,97.03,97.58,98.11,98.55
31.29,38.54,97.51,98.07,98.59,99.01
31.28,38.75,97.01,97.6,98.14,98.57
31.11,38.75,97.31,97.9,98.41,98.82
31.6,38.91,95.86,96.41,96.92,97.34
32.06,38.95,96.66,97.1,97.54,97.92
33.41,39.05,94.46,95.22,95.65,96.03
33.89,39.18,92.84,93.27,93.65,93.95
33.94,39.46,93.13,93.57,93.96,94.27
33.75,39.29,93.11,93.53,93.93,94.24
32.81,39,92.63,93.05,93.43,93.72
32.73,38.86,92.76,93.15,93.52,93.78
32.28,35.61,92.05,92.46,92.84,93.11
32.28,35.15,90.68,91.14,91.55,91.86
32.36,35.39,90.12,90.58,90.99,91.3
32.47,35.75,90.82,91.28,91.69,92
32.72,36.36,90.43,90.9,91.3,91.57
32.72,37.04,91.56,92.03,92.4,92.62
32.85,36.73,91.95,92.43,92.79,93.01
33.44,36.75,92.06,92.52,92.87,93.08
33.77,36.86,92.54,92.92,93.2,93.37
33.88,36.91,92.52,92.88,93.13,93.26
34,36.68,93.03,93.38,93.62,93.75
34.34,36.82,93.45,93.82,94.09,94.23
34.81,36.89,93.74,94.11,94.36,94.5
35.34,38.04,92.16,92.52,92.8,92.99
36.28,38.11,92.96,93.5,93.77,93.95
37.15,38.79,92.45,92.77,92.99,93.02
36.66,38.61,93.71,93.96,94.1,94.07
35.92,38.43,94.81,95.09,95.25,95.2
34.84,38,96.34,96.61,96.75,96.68
34.22,37.82,96.58,96.84,96.98,96.91
34.04,37.58,97.23,97.49,97.64,97.57
32.56,37.14,97.19,97.5,97.71,97.73
32.13,36.96,94.45,94.77,95,95.06
31.97,36.71,93.26,93.56,93.79,93.88
31.91,36.68,92.7,93.01,93.24,93.32
31.16,36.67,93.36,93.68,93.91,93.99
30.75,36.7,94.2,94.51,94.74,94.8
30.75,36.91,94.64,94.97,95.22,95.29
30.7,38.27,93.51,93.85,94.11,94.19
31.13,38.71,91.29,91.61,91.88,92.01
31.42,38.96,88.71,89.03,89.29,89.42
31.27,39.39,88.72,89.03,89.29,89.41
31.5,39.21,86.68,86.97,87.19,87.28
31.89,39.36,87.73,88,88.2,88.25
32.05,39,88.01,88.27,88.48,88.54
32.06,38.86,88.76,89.19,89.45,89.57
31.92,38.75,89.18,89.46,89.58,89.52
32.13,38.11,91.43,91.69,91.76,91.63
32.03,37.86,93.64,93.91,93.99,93.82
32.02,37.75,93,93.25,93.29,93.09
32.47,38.21,94.5,94.72,94.71,94.45
33.38,38.21,93.46,93.68,93.67,93.41
34,38.81,91.03,91.24,91.21,90.98
34.2,38.86,93.99,94.2,94.15,93.89
34.41,38.89,95.61,95.82,95.74,95.43
35.22,38.86,95.62,95.86,95.83,95.59
36.47,39.43,96.62,96.85,96.77,96.47
39.6,41.08,96.39,96.66,96.65,96.41
39.94,41.36,96.04,96.29,96.28,96.03
39.97,41.46,95.17,95.41,95.43,95.2
40,40.75,94.21,94.48,94.55,94.37
39.63,40.32,94.3,94.56,94.64,94.49
38.41,40.11,95.16,95.45,95.56,95.42
38.33,39.92,96.02,96.29,96.41,96.25
37.7,39.5,96.71,96.93,97.04,96.85
35.75,39.11,96.16,96.18,96.32,96.17
36.06,39.18,94.28,94.46,94.37,94.06
38.03,38.82,94.25,94.42,94.32,94
39.25,39.36,94.15,94.34,94.28,93.98
41.81,41,95.01,95.2,95.17,94.88
45.53,43.04,93.13,93.35,93.38,93.15
46.53,43.86,93.61,93.8,93.81,93.57
46.67,43.96,91.97,92.21,92.3,92.12
45.06,43.5,93.45,93.67,93.73,93.55
43.88,42.14,93.31,93.55,93.65,93.51
43.34,41.79,93.74,93.96,94.04,93.86
42.44,40.75,94.76,94.98,95.03,94.8
42.28,40.79,96.03,96.27,96.32,96.05
42.06,40.54,95.77,96,96.07,95.84
42.69,41.11,95.38,95.6,95.66,95.4
41.67,40.57,95.88,96.1,96.13,95.85
42.19,40.54,96.69,96.92,96.95,96.66
42.34,40.57,97.85,98.07,98.11,97.82
41.75,40.64,97.77,98.03,98.11,97.87
41.28,40.68,98.44,98.67,98.72,98.43
41.18,40.67,98.24,98.48,98.55,98.31
41,40.66,95.4,95.14,95.15,94.84
40.92,40.54,93.69,93.63,93.28,92.74
40.63,40.57,95.18,95.04,94.56,93.91
39.03,40,95.32,95.21,94.67,94.04
37.93,39.23,95.5,95.41,94.88,94.22
36.05,38.96,97.05,96.89,96.31,95.61
35.38,38.79,96.56,96.44,95.81,95.1
36.91,39.14,97.99,97.88,97.02,96.23
39.91,40.14,99.6,99.42,98.38,97.41
41.07,40.58,101.24,101.11,100.06,98.97
47.54,44.02,103.22,103.05,101.8,100.45
48.17,45.21,103.14,103.02,101.94,100.55
47.93,46.08,103.53,103.31,102.19,100.8
47.37,46.23,106.52,105.62,103.98,102.29
46.95,46.12,104.91,104.38,103.01,101.59
45.33,45.92,105.95,105.55,104.14,102.66
43.9,44.88,106.32,105.92,104.49,102.99
41.58,43.69,106,105.69,104.39,102.95
40.43,42.38,106.48,106.35,105.05,103.58
40.17,41.85,108.04,107.81,106.29,104.62
40,41.68,108.05,107.87,106.12,104.35
38.47,41.12,106.91,106.94,105.51,103.92
37.05,40.88,107.23,105.79,104.19,102.64
37.1,40.19,105.39,104.1,102.68,101.26
36.73,39.88,105.49,104.47,103.16,101.78
36.45,39.77,104.7,104.01,102.78,101.42
35.67,39.58,104.55,103.9,102.72,101.41
34.33,39.04,103.08,102.5,101.52,100.49
34.17,38.65,105.03,104.22,102.94,101.65
34.07,38.46,107.89,106.93,105.32,103.71
34,38.46,106.94,106.24,104.76,103.23
33.87,38.23,106.56,105.9,104.51,103.08
33.73,38,105.3,104.76,103.47,102.11
33.7,38.04,104.37,103.91,102.75,101.49
33.62,39.31,103.4,102.87,101.75,100.53
33.33,39.77,105.97,105.16,103.82,102.38
32.35,39.85,106.11,105.52,104.34,102.97
32.22,39.73,106.83,106.4,105.21,103.78
32.12,39.62,106.85,106.56,105.41,103.97
32.12,39.62,107.33,107.19,106.09,104.64
32.12,39.62,107.46,107.29,106.49,105.17
32.18,39.73,107.1,106.86,106.03,104.73
32.08,39.73,104.96,105.11,104.57,103.59
31.75,39.5,103.85,103.37,102.42,101.25
31.88,39.35,105.03,104.33,103.26,101.96
31.78,39.15,106.42,105.72,104.53,103.11
31.47,38.77,109.01,108.3,106.9,105.37
31.23,38.5,110.1,109.37,107.84,106.18
31.1,38.5,108.8,108.15,106.6,104.95
31.63,38.5,107.65,107.08,105.71,104.17
33.03,39,108.54,107.85,106.42,104.83
33.43,39.12,107.23,106.59,105.39,103.92
32.88,39.08,108.37,107.67,106.33,104.79
32.9,39.12,110.53,109.52,107.95,106.24
32.92,39.15,109.52,108.47,106.82,105.15
32.88,39.17,107.39,106.49,104.92,103.35
33.17,39.17,107.56,106.64,105.09,103.54
33.1,39.1,108.6,107.75,106.14,104.54
33.13,39,108.21,107.54,105.96,104.37
33.05,39,106.59,106.19,104.82,103.35
33.57,39,105.42,104.82,103.46,101.99
33.98,38.96,108.07,107.28,105.88,104.43
34.38,38.96,106.39,105.86,104.52,103.11
34.4,38.73,104.67,104.75,103.71,102.49
34.68,38.92,103.59,102.72,101.62,100.52
35.5,39.15,103.13,102.48,101.51,100.41
35.42,38.98,102.66,102.05,101.18,100.13
35.22,38.96,103.03,102.52,101.74,100.75
34.98,38.69,102.87,102.34,101.5,100.46
35.33,38.87,102.33,101.9,101.15,100.16
36.05,38.87,102.04,101.69,100.97,100.03
36.43,39.02,104.1,103.64,102.77,101.7
36.52,39.02,103.31,102.97,102.25,101.25
36.6,39.88,103.84,103.53,102.82,101.85
36.84,40.23,103.03,102.83,102.33,101.56
37.7,40.69,103.49,103.31,102.8,102.04
37.83,40.54,101.61,101.43,100.97,100.32
37.77,40.92,103.01,102.89,102.49,101.91
37.46,40.85,102.02,102.06,101.85,101.45
37.57,40.85,102.41,102.48,102.23,101.78
37.96,41.04,101.21,101.41,101.24,100.86
39.92,42.69,102.29,102.49,102.33,101.9
40.57,42.81,100.67,100.87,100.62,100.12
41,42.96,100.81,101.11,100.99,100.54
41.33,43.65,99.22,99.68,99.76,99.49
41.6,44.35,97.8,98.3,98.47,98.31
42.02,44.35,96.86,97,96.75,96.27
42.72,44.88,97.11,97.24,96.97,96.4
43.15,45.54,97.85,97.95,97.64,97.04
43.22,46.5,98.68,98.86,98.64,98.09
43.22,46.96,98.2,98.38,98.2,97.72
43.63,47.96,96.77,97.06,97.03,96.8
46.48,51.29,96.38,96.65,96.66,96.47
51.93,53.85,94.61,94.96,95.05,94.96
52.88,54.46,94.62,94.98,95.13,95.11
53.58,54.67,93.37,93.73,93.9,93.93
53.9,54.44,94.8,95.13,95.27,95.23
57.4,56.19,94.2,94.54,94.66,94.62
59.03,57.54,94.6,94.95,95.1,95.08
59.58,58.12,95.14,95.47,95.62,95.59
59.63,58.23,93.04,93.52,93.78,93.86
59.6,58.19,93.88,94.49,94.75,94.88
60.68,58.58,93.76,94.41,94.77,94.97
61.23,58.96,93.84,94.49,94.83,94.99
63.23,60.19,93.03,93.68,94.01,94.18
63.86,60.67,93.34,93.89,94.15,94.26
64.58,62,93.33,93.85,94.12,94.24
64.48,62.42,95.44,95.69,95.77,95.66
64.3,62.58,94.84,95.15,95.29,95.24
64.17,62.77,94.09,94.4,94.57,94.55
62.68,62.54,93.68,94,94.21,94.22
62.43,62.5,92.3,92.63,92.88,92.95
62.71,62.7,92.72,93.01,93.24,93.32
63.27,62.73,93.82,94.1,94.28,94.27
63.67,62.73,96.04,96.27,96.31,96.07
63.8,62.81,97.2,97.43,97.45,97.18
63.6,63.04,97.38,97.61,97.64,97.36
63.22,63.08,97.65,97.9,97.94,97.66
61.68,62.35,97.34,97.56,97.58,97.29
61.13,61.92,98.51,98.66,98.58,98.19
60.73,61.69,97.44,97.72,97.72,97.39
61.13,61.87,97.5,97.82,97.77,97.42
61.8,62.06,96.6,96.93,96.91,96.55
62.7,62.33,97.48,97.77,97.7,97.28
62.9,63.02,97.22,97.47,97.36,96.92
63.14,63.54,97.8,98.06,97.92,97.41
62.67,69.85,98.77,99.04,98.94,98.4
61.43,70.23,99.32,99.26,98.73,97.91
60.57,69.23,98.91,98.89,98.43,97.71
60.25,69.08,99.22,99.34,98.98,98.31
60.05,69.75,95.44,95.62,95.55,95.2
58.61,67.92,93.96,94.14,94.06,93.75
56.25,67.28,93.43,93.58,93.52,93.29
53.42,65.59,93.67,93.84,93.71,93.39
49.25,63.5,92.33,92.53,92.47,92.2
44.92,65.27,91.66,91.89,91.89,91.69
42.55,65.54,92.72,92.95,92.92,92.68
41.54,65,91.8,92.01,91.97,91.74
42.28,65.31,92.59,92.78,92.66,92.32
47.47,69.08,94.17,94.35,94.2,93.77
58.6,73.31,93.96,94.1,93.92,93.48
64.62,75.46,94.37,94.59,94.44,94.03
72.17,77.88,94.99,94.97,94.8,94.4
72.68,78.33,96.73,96.37,95.82,95.09
69.85,76,97.32,96.76,95.95,95.05
67.33,73.65,96.64,96.22,95.56,94.76
61.73,71.38,95.72,95.36,94.74,93.97
56.67,68.58,97.41,96.96,96.28,95.46
47.73,64,97.36,96.88,96.19,95.38
43.23,59.85,98.23,97.66,96.85,95.93
41.73,58.38,97.49,96.71,95.8,94.85
41.43,58.5,96.43,95.72,94.9,94.02
47.17,59.58,97.19,96.46,95.64,94.75
47.9,60.27,97.38,96.76,96.02,95.22
48.43,60.46,97.84,97.32,96.66,95.94
48.7,61.04,99.88,99.35,98.62,97.84
52.07,61.92,100.06,99.44,98.65,97.81
58.47,65.19,99.94,99.44,98.7,97.91
61.9,65.58,100.37,99.92,99.17,98.37
63.5,65.96,100.35,100.05,99.31,98.54
63.67,66.23,100.3,100.13,99.47,98.73
64.53,65.73,102.43,102.1,101.21,100.3
62.6,65.46,103.31,102.84,101.81,100.8
60.5,65,102.92,102.75,101.85,100.89
59,61.46,102.2,101.37,100.48,99.53
55.27,59.88,102.82,102.06,101.17,100.21
55.05,59.65,101.83,101.12,100.24,99.31
54.57,57.19,102.59,101.77,100.77,99.75
54.17,56.54,102.4,101.62,100.63,99.61
51.8,56.54,102.59,101.89,100.95,99.96
51.33,55.85,104.92,104.22,103.16,102.03
50.73,55.42,103.33,102.68,101.71,100.65
50.13,54.96,101.45,100.88,99.99,99.03
49.5,53.92,101.56,101.02,100.14,99.2
47.77,53.27,102.58,101.99,101.07,100.1
46.7,53.23,101.12,100.59,99.75,98.86
43.17,52.15,100.03,99.59,98.85,98.07
42.13,50.73,97.99,97.68,97.09,96.44
41.78,48.5,98.2,97.94,97.36,96.69
41.67,48.08,98.89,98.56,97.99,97.31
41.7,48.23,98.08,97.62,96.95,96.2
42,47.88,99.7,98.88,98.01,97.09
41.76,47.73,100.37,99.17,98.15,97.09
40.88,47.69,99.43,98.9,98.05,97.15
38.9,47,99.46,98.65,97.75,96.83
37.93,46.54,99.6,98.83,97.93,97.01
37.8,47.13,99.19,98.53,97.68,96.79
37.43,47.5,100.26,99.53,98.63,97.71
37.02,47.81,101.28,100.53,99.61,98.65
37.27,47.96,101.67,100.89,99.96,98.98
37.58,47.77,101.58,100.82,99.9,98.95
38.27,47.67,99.74,99.05,98.18,97.28
38.43,47.75,99.62,98.9,98.04,97.14
38.52,47.71,100.29,99.63,98.84,97.95
39.92,48.04,101.14,100.46,99.62,98.7
40.55,48.46,100.44,99.78,99.03,98.18
41.67,48.58,102.56,101.81,100.96,100.04
41.8,48.96,103.6,102.65,101.68,100.67
41.82,48.88,103.4,102.38,101.39,100.37
41.67,48.65,103.74,102.62,101.56,100.51
41.08,45.54,104.05,103.21,102.3,101.3
40.57,48.19,103.75,103,102.11,101.12
40.97,48.54,103.76,103.03,102.2,101.25
40.64,48.75,104.3,103.37,102.4,101.38
40.57,48.54,102.13,101.75,101.12,100.32
39.97,48.31,101.44,100.85,100.09,99.26
39.5,47.85,101.94,101.35,100.58,99.73
39.5,47.77,100.6,100.03,99.27,98.44
39,47.88,100.84,100.11,99.21,98.29
38.47,47.65,101.28,100.59,99.71,98.78
38.5,47.65,99.74,99.11,98.28,97.39
38.27,47.62,99.42,98.75,97.91,97.04
38.23,47.5,99.76,99.04,98.16,97.27
38.42,47.08,99.5,98.65,97.7,96.76
38.08,46.88,100.77,99.96,99.02,98.03
37.48,46.38,100.26,99.54,98.65,97.71
37.05,46.08,99.99,99.31,98.43,97.49
36.85,46.08,100.59,99.94,99.09,98.18
36.71,45.85,101.7,101.05,100.16,99.23
36.3,45.69,102.37,101.74,100.85,99.89
34.22,45.27,101.5,101.13,100.38,99.48
33.65,44.69,102.02,101.58,100.76,99.82
33.82,44.08,102.61,102.11,101.19,100.17
33.63,43.69,102.44,102.33,101.5,100.5
33.42,43.54,104.07,103.16,102.08,100.95
33.42,43.54,103.74,102.87,101.85,100.76
33.35,43.62,104.35,103.43,102.35,101.23
33.43,44.19,104.11,103.18,102.1,100.98
33.27,43.81,102.72,101.99,101.02,99.99
32.86,43.75,103.58,102.78,101.75,100.65
32.1,43.75,102.71,101.98,101.03,100
32.27,43.63,102.47,101.79,100.89,99.9
32.67,43.35,102.66,101.97,101.07,100.08
33.08,43.42,102.64,101.93,101.01,100.02
33.3,43.44,102.48,101.81,100.95,99.99
34.22,43.62,102.66,101.94,101.05,100.07
35.87,44.81,104.41,103.59,102.6,101.51
37.3,45.35,104.35,103.49,102.49,101.42
37.53,45.35,104.4,103.62,102.69,101.66
37.8,45.19,106.53,105.78,104.82,103.7
37.72,45.27,106.91,106.17,105.07,103.82
37.5,45.15,106.9,106.3,105.33,104.16
36.33,45.04,106.36,105.87,105.02,103.91
36.4,45.04,105.97,105.59,104.84,103.85
37.47,46.12,106.43,106.05,105.3,104.35
38.2,47.58,107.26,106.83,105.97,104.9
39.18,49.54,106.17,105.42,104.38,103.37
49.77,53.69,106.03,105.32,104.35,103.4
49.9,54.81,106.5,105.72,104.73,103.77
49.83,54.35,105.84,105.11,104.17,103.24
49.97,54.65,105.74,105.04,104.14,103.26
49.9,54.69,105.37,104.73,103.85,102.98
49.23,54.77,105.34,104.74,103.86,103.01
48.87,55.23,104.48,103.91,103.09,102.28
48.28,56.08,104.06,103.51,102.74,101.94
48.87,56.19,103.53,103.03,102.29,101.5
49.6,56.15,103.4,102.79,102.01,101.18
49.9,56.73,102.29,101.75,101.04,100.28
49.75,57,102.93,102.4,101.7,100.97
49.8,57.73,100.83,100.3,99.64,98.99
48.73,58.35,100.91,100.48,99.93,99.39
46.97,59.85,99.96,99.53,98.98,98.43
45.93,62.69,101.2,100.6,99.9,99.2
46,63.27,103.19,102.2,101.23,100.29
45.5,62.12,103.13,101.95,100.94,99.97
45.17,62.19,104.59,102.86,101.73,100.77
45.93,63.23,104.42,102.39,101.23,100.3
48.2,63.69,103.12,101.65,100.73,99.95
52.5,64.08,102.07,100.72,99.86,99.12
54.1,64.54,102.09,100.87,100.07,99.37
54,63.58,101.67,100.32,99.43,98.66
51.85,62.31,100.97,99.73,98.94,98.24
49.03,60.96,100.27,99.04,98.24,97.56
46.9,59.96,98.17,97.32,96.73,96.21
44.32,58.63,97.88,96.94,96.31,95.79
43.12,58.14,98.29,97.36,96.78,96.28
41.75,56,97.38,96.57,96.14,95.78
41.21,51.17,96.92,96.24,95.84,95.5
42.57,50.83,97.34,96.69,96.32,95.99
45.16,52.67,97.65,96.84,96.42,96.03
46.57,52.92,98.08,97.21,96.73,96.31
47.89,52.8,97.37,96.48,96.01,95.59
49.86,53.92,97.59,96.74,96.28,95.92
53.29,58,95.58,94.08,93.59,93.29
53.86,59.54,97.35,95.32,94.74,94.39
53.68,59.67,96.41,93.75,93.12,92.77
53.68,59.21,94.48,92.86,92.34,92.1
53.36,59,96.07,93.45,92.88,92.57
53,58.58,93.96,93.38,93.04,92.85
52.61,57.88,93.65,93.17,92.92,92.82
49.21,56.92,93.86,93.36,93.13,93.05
48.14,56.46,93.88,93.34,93.06,92.95
44.89,54.79,94.55,93.83,93.36,93.15
42.11,53.71,95.96,95.02,94.37,94.01
41.82,53.54,92.88,92.1,91.74,91.62
42.54,53.29,95.54,94.68,94.16,93.91
42.96,53.17,94.45,93.71,93.25,93.06
42.73,52.58,93.29,92.71,92.4,92.28
42.68,52.58,92.66,92.05,91.72,91.62
41.64,52.17,92.75,91.89,91.45,91.33
39.79,51.33,91.67,90.84,90.42,90.26
39.32,50.69,92.83,91.86,91.36,91.11
38.25,50.83,92.27,91.37,90.77,90.48
37.93,50.21,92.92,91.99,91.37,91.03
37.93,49.38,94.88,93.81,93.1,92.66
37.71,48.83,94.42,93.2,92.5,92.11
37.46,48.25,93.07,91.98,91.39,91.11
36.68,48,92.41,91.65,91.14,90.92
35.21,47.46,91.52,90.87,90.34,90.11
35.18,46.92,91.56,90.91,90.56,90.34
34.77,47.13,92.8,92.07,91.53,91.1
34.14,47.04,92.53,91.78,91.3,90.92
34.46,46.88,93.54,92.62,92.02,91.57
34.54,46.71,94.57,93.49,92.78,92.21
37.82,47.08,91.16,90.27,89.76,89.39
39.82,48.04,90.73,89.74,89.11,88.66
40.39,48.21,91.01,89.88,89.08,88.47
40.71,49.29,89.74,88.67,87.87,87.26
41.73,49.75,90.34,89.34,88.65,88.11
43,51.29,88.85,87.98,87.44,87.05
43.96,53.27,87.31,86.59,86.19,85.9
44.57,54.13,85.77,85.05,84.69,84.43
45.11,56,85.82,85.11,84.73,84.46
45.43,56.58,85.74,84.98,84.53,84.23
45.54,56.92,81.84,81.2,80.74,80.4
45.46,57.63,81.78,80.94,80.36,79.87
45.11,57.88,82.7,81.95,81.5,81.09
45.04,58.54,82.75,82.06,81.62,81.21
44.48,58.71,82.71,81.91,81.38,80.9
44.29,58.67,82.81,82.49,81.96,81.47
44.75,58.88,80.52,80.13,79.81,79.54
44.93,58.88,82.09,81.75,81.46,81.23
45.86,59.58,81.01,80.8,80.64,80.54
50.64,61.29,81,80.7,80.48,80.34
56.36,63.29,81.42,81.12,80.94,80.83
57.71,64.27,82.2,81.96,81.81,81.68
60.2,65.25,81.12,80.9,80.75,80.64
58.25,65.04,80.54,80.42,80.36,80.31
57.21,64.69,78.78,78.84,78.84,78.85
56.68,64.9,77.19,77.19,77.19,77.24
56.18,64.96,78.68,78.6,78.54,78.51
56.32,65,77.91,77.87,77.81,77.82
55.39,65,78.65,78.6,78.54,78.54
55.57,64.85,77.4,77.38,77.36,77.44
55.27,64.52,77.94,77.87,77.83,77.86
54.64,64.77,77.18,77.15,77.12,77.13
52.71,64.17,74.21,74.16,74.08,74.06
52.32,63.75,75.82,75.82,75.79,75.8
51.04,63.38,75.64,75.66,75.71,75.8
50,64.17,74.61,74.64,74.73,74.86
49.61,68.88,74.58,74.5,74.43,74.37
50.82,73.96,75.58,75.85,75.85,75.82
53.07,76.46,76.51,76.59,76.67,76.74
54.79,76.63,75.78,75.87,75.97,76.07
57.71,77.5,74.09,74.17,74.25,74.37
61.96,78.63,73.69,73.76,73.82,73.9
65.5,77.5,66.15,66.26,66.41,66.64
65.96,76.5,69,69.1,69.21,69.41
63,75.13,66.88,67,67.15,67.39
60.86,73.33,67.38,67.46,67.56,67.76
60.29,72.21,66.81,66.9,67.03,67.23
60.61,71.58,65.84,65.96,66.08,66.28
63.84,71.25,63.05,63.21,63.38,63.59
67.71,71,63.82,63.98,64.15,64.34
70.36,72.33,60.94,61.16,61.42,61.7
73.04,72.96,59.95,60.19,60.52,60.87
73.67,73.68,57.81,58.08,58.41,58.76
73.75,74.17,55.91,56.26,56.64,57.04
79.36,76.79,55.93,56.26,56.55,56.85
80.96,78,56.47,56.79,57.13,57.46
78.11,76.58,54.11,54.36,54.7,55.06
70.68,75.92,56.52,57.13,57.48,57.86
67.82,75.75,55.26,55.63,56.05,56.49
62.46,73.13,57.12,57.48,57.87,58.29
